Price,Adj Close,Close,High,Low,Open,Volume
Ticker,ETH-USD,ETH-USD,ETH-USD,ETH-USD,ETH-USD,ETH-USD
Datetime,,,,,,
2024-11-04 00:00:00+00:00,2453.63525390625,2453.63525390625,2456.5263671875,2452.600341796875,2456.5263671875,10677248
2024-11-04 00:15:00+00:00,2447.7783203125,2447.7783203125,2454.923583984375,2447.7783203125,2454.923583984375,26823680
2024-11-04 00:30:00+00:00,2438.20263671875,2438.20263671875,2447.94384765625,2435.847900390625,2447.859375,46647296
2024-11-04 00:45:00+00:00,2448.09619140625,2448.09619140625,2450.248046875,2437.6484375,2438.18896484375,108731392
2024-11-04 01:00:00+00:00,2452.086181640625,2452.086181640625,2452.533203125,2445.117919921875,2449.311767578125,60204032
2024-11-04 01:15:00+00:00,2462.854736328125,2462.854736328125,2471.18359375,2451.456298828125,2451.824462890625,170183680
2024-11-04 01:30:00+00:00,2460.007568359375,2460.007568359375,2466.58251953125,2457.31884765625,2465.186279296875,118839296
2024-11-04 01:45:00+00:00,2464.807373046875,2464.807373046875,2464.941162109375,2458.975341796875,2458.975341796875,63305728
2024-11-04 02:00:00+00:00,2462.95458984375,2462.95458984375,2467.531005859375,2462.95458984375,2464.935791015625,0
2024-11-04 02:15:00+00:00,2474.21337890625,2474.21337890625,2474.21337890625,2462.3408203125,2462.3408203125,0
2024-11-04 02:30:00+00:00,2476.2255859375,2476.2255859375,2478.388916015625,2475.47998046875,2477.583984375,0
2024-11-04 02:45:00+00:00,2482.327880859375,2482.327880859375,2482.327880859375,2475.815185546875,2475.815185546875,0
2024-11-04 03:00:00+00:00,2478.245361328125,2478.245361328125,2486.831787109375,2478.018310546875,2482.23291015625,0
2024-11-04 03:15:00+00:00,2475.578857421875,2475.578857421875,2477.37841796875,2475.22900390625,2476.8994140625,0
2024-11-04 03:30:00+00:00,2475.591796875,2475.591796875,2478.497802734375,2474.370849609375,2474.95654296875,4206592
2024-11-04 03:45:00+00:00,2474.014404296875,2474.014404296875,2476.05517578125,2474.014404296875,2476.05517578125,0
2024-11-04 04:00:00+00:00,2473.7177734375,2473.7177734375,2474.092529296875,2471.7275390625,2471.8837890625,0
2024-11-04 04:15:00+00:00,2477.03662109375,2477.03662109375,2477.03662109375,2472.415283203125,2474.4404296875,2080768
2024-11-04 04:30:00+00:00,2472.770751953125,2472.770751953125,2479.0556640625,2472.770751953125,2478.586669921875,14856192
2024-11-04 04:45:00+00:00,2471.203125,2471.203125,2474.769287109375,2470.784423828125,2473.3271484375,5467136
2024-11-04 05:00:00+00:00,2468.546630859375,2468.546630859375,2471.421630859375,2468.292724609375,2471.1591796875,0
2024-11-04 05:15:00+00:00,2464.664306640625,2464.664306640625,2469.391357421875,2464.664306640625,2469.391357421875,13645824
2024-11-04 05:30:00+00:00,2462.3642578125,2462.3642578125,2465.533447265625,2462.3642578125,2464.68212890625,0
2024-11-04 05:45:00+00:00,2460.808837890625,2460.808837890625,2462.258544921875,2459.480224609375,2459.480224609375,21748736
2024-11-04 06:00:00+00:00,2469.79296875,2469.79296875,2470.4208984375,2460.65673828125,2460.65673828125,15155200
2024-11-04 06:15:00+00:00,2473.36376953125,2473.36376953125,2473.36376953125,2469.27734375,2469.27734375,17507328
2024-11-04 06:30:00+00:00,2470.92431640625,2470.92431640625,2473.898681640625,2470.92431640625,2473.34716796875,27535360
2024-11-04 06:45:00+00:00,2475.71142578125,2475.71142578125,2477.948486328125,2469.402587890625,2469.664306640625,12920832
2024-11-04 07:00:00+00:00,2472.39306640625,2472.39306640625,2476.322998046875,2472.39306640625,2475.515380859375,18443264
2024-11-04 07:15:00+00:00,2471.09521484375,2471.09521484375,2473.44482421875,2470.976806640625,2472.30224609375,7078912
2024-11-04 07:30:00+00:00,2460.777099609375,2460.777099609375,2470.476806640625,2460.471923828125,2470.476806640625,58446848
2024-11-04 07:45:00+00:00,2458.42041015625,2458.42041015625,2458.53076171875,2456.064697265625,2457.772216796875,19884032
2024-11-04 08:00:00+00:00,2462.066650390625,2462.066650390625,2464.31640625,2457.651611328125,2457.651611328125,17408
2024-11-04 08:15:00+00:00,2463.765869140625,2463.765869140625,2463.765869140625,2461.946044921875,2461.955810546875,34816
2024-11-04 08:30:00+00:00,2452.925537109375,2452.925537109375,2463.339111328125,2452.925537109375,2463.339111328125,27017216
2024-11-04 08:45:00+00:00,2457.352294921875,2457.352294921875,2457.352294921875,2451.625,2454.791748046875,3145728
2024-11-04 09:00:00+00:00,2460.067138671875,2460.067138671875,2460.764892578125,2456.320068359375,2456.320068359375,13522944
2024-11-04 09:15:00+00:00,2459.675048828125,2459.675048828125,2462.33203125,2458.0126953125,2459.76220703125,54194176
2024-11-04 09:30:00+00:00,2451.066162109375,2451.066162109375,2456.639892578125,2448.235595703125,2456.639892578125,8953856
2024-11-04 09:45:00+00:00,2454.374755859375,2454.374755859375,2455.202880859375,2451.8427734375,2451.8427734375,17275904
2024-11-04 10:00:00+00:00,2464.660400390625,2464.660400390625,2465.232666015625,2453.819091796875,2455.582275390625,90360832
2024-11-04 10:15:00+00:00,2465.892578125,2465.892578125,2469.32861328125,2465.892578125,2468.78369140625,76746752
2024-11-04 10:30:00+00:00,2468.1298828125,2468.1298828125,2468.61279296875,2465.683837890625,2465.683837890625,29685760
2024-11-04 10:45:00+00:00,2464.47802734375,2464.47802734375,2467.6845703125,2464.2431640625,2467.6845703125,54875136
2024-11-04 11:00:00+00:00,2470.672607421875,2470.672607421875,2471.74169921875,2463.211669921875,2465.56103515625,43288576
2024-11-04 11:15:00+00:00,2468.1943359375,2468.1943359375,2474.63720703125,2468.1943359375,2472.705810546875,93990912
2024-11-04 11:30:00+00:00,2469.29248046875,2469.29248046875,2471.200927734375,2468.00390625,2468.00390625,2507776
2024-11-04 11:45:00+00:00,2469.199462890625,2469.199462890625,2471.603759765625,2469.114990234375,2469.19921875,13550592
2024-11-04 12:00:00+00:00,2473.427734375,2473.427734375,2473.427734375,2465.533935546875,2468.685546875,32275456
2024-11-04 12:15:00+00:00,2471.746337890625,2471.746337890625,2473.783935546875,2471.02783203125,2472.486572265625,77937664
2024-11-04 12:30:00+00:00,2469.825927734375,2469.825927734375,2474.77392578125,2469.463134765625,2472.378173828125,99105792
2024-11-04 12:45:00+00:00,2474.857177734375,2474.857177734375,2474.857177734375,2471.3681640625,2471.3681640625,44875776
2024-11-04 13:00:00+00:00,2479.24560546875,2479.24560546875,2482.868408203125,2474.59814453125,2475.147216796875,65787904
2024-11-04 13:15:00+00:00,2472.120361328125,2472.120361328125,2480.377197265625,2472.120361328125,2478.73388671875,15140864
2024-11-04 13:30:00+00:00,2467.054443359375,2467.054443359375,2473.48876953125,2467.054443359375,2473.48876953125,28439552
2024-11-04 13:45:00+00:00,2459.324462890625,2459.324462890625,2467.29150390625,2459.324462890625,2466.1064453125,0
2024-11-04 14:00:00+00:00,2457.7626953125,2457.7626953125,2459.341552734375,2455.133544921875,2458.1279296875,0
2024-11-04 14:15:00+00:00,2458.79931640625,2458.79931640625,2459.4169921875,2456.700927734375,2457.663818359375,0
2024-11-04 14:30:00+00:00,2452.730224609375,2452.730224609375,2460.060546875,2449.95654296875,2460.060546875,17480704
2024-11-04 14:45:00+00:00,2446.620849609375,2446.620849609375,2454.21923828125,2446.593017578125,2454.21923828125,5064704
2024-11-04 15:00:00+00:00,2445.488525390625,2445.488525390625,2451.045654296875,2445.488525390625,2449.006591796875,0
2024-11-04 15:15:00+00:00,2447.2294921875,2447.2294921875,2447.2294921875,2441.332275390625,2443.490966796875,84956160
2024-11-04 15:30:00+00:00,2435.1689453125,2435.1689453125,2446.61572265625,2435.1689453125,2446.61572265625,62649344
2024-11-04 15:45:00+00:00,2442.71484375,2442.71484375,2444.79931640625,2433.985595703125,2435.46337890625,46173184
2024-11-04 16:00:00+00:00,2443.064453125,2443.064453125,2444.519287109375,2436.82861328125,2442.143798828125,0
2024-11-04 16:15:00+00:00,2430.496337890625,2430.496337890625,2443.0234375,2430.496337890625,2443.0234375,0
2024-11-04 16:30:00+00:00,2418.4814453125,2418.4814453125,2431.4462890625,2418.4814453125,2430.968017578125,108100608
2024-11-04 16:45:00+00:00,2411.22802734375,2411.22802734375,2418.67236328125,2411.22802734375,2418.67236328125,220632064
2024-11-04 17:00:00+00:00,2413.840087890625,2413.840087890625,2413.840087890625,2408.21044921875,2412.969970703125,257257472
2024-11-04 17:15:00+00:00,2422.747314453125,2422.747314453125,2423.806884765625,2410.189208984375,2410.189208984375,290631680
2024-11-04 17:30:00+00:00,2423.75048828125,2423.75048828125,2426.7646484375,2422.58349609375,2422.58349609375,98461696
2024-11-04 17:45:00+00:00,2422.743896484375,2422.743896484375,2423.654296875,2418.757080078125,2419.283203125,18097152
2024-11-04 18:00:00+00:00,2424.761962890625,2424.761962890625,2424.761962890625,2419.207275390625,2423.287353515625,8513536
2024-11-04 18:15:00+00:00,2430.65673828125,2430.65673828125,2433.170166015625,2422.814208984375,2423.197509765625,107232256
2024-11-04 18:30:00+00:00,2428.57958984375,2428.57958984375,2431.068603515625,2426.4296875,2428.44189453125,0
2024-11-04 18:45:00+00:00,2424.36083984375,2424.36083984375,2427.9482421875,2423.48291015625,2427.9482421875,0
2024-11-04 19:00:00+00:00,2433.552001953125,2433.552001953125,2433.91015625,2425.021484375,2425.021484375,0
2024-11-04 19:15:00+00:00,2432.798095703125,2432.798095703125,2434.04736328125,2430.996337890625,2434.04736328125,0
2024-11-04 19:30:00+00:00,2426.4736328125,2426.4736328125,2432.937255859375,2426.4736328125,2432.441162109375,5466112
2024-11-04 19:45:00+00:00,2429.35546875,2429.35546875,2429.596435546875,2427.5771484375,2427.75927734375,0
2024-11-04 20:00:00+00:00,2426.4931640625,2426.4931640625,2428.679931640625,2425.595458984375,2428.679931640625,0
2024-11-04 20:15:00+00:00,2425.260986328125,2425.260986328125,2427.52099609375,2421.210205078125,2425.46240234375,22573056
2024-11-04 20:30:00+00:00,2427.019287109375,2427.019287109375,2427.019287109375,2421.397216796875,2425.62890625,4541440
2024-11-04 20:45:00+00:00,2420.920654296875,2420.920654296875,2423.7529296875,2419.67724609375,2423.7529296875,6882304
2024-11-04 21:00:00+00:00,2421.10986328125,2421.10986328125,2425.561279296875,2420.677978515625,2420.677978515625,0
2024-11-04 21:15:00+00:00,2415.307861328125,2415.307861328125,2423.864013671875,2408.917724609375,2422.048095703125,328335360
2024-11-04 21:30:00+00:00,2374.547607421875,2374.547607421875,2411.412109375,2374.547607421875,2411.412109375,441501696
2024-11-04 21:45:00+00:00,2366.73828125,2366.73828125,2379.4833984375,2361.568603515625,2372.308349609375,469637120
2024-11-04 22:00:00+00:00,2390.2529296875,2390.2529296875,2390.2529296875,2368.857421875,2368.857421875,411216896
2024-11-04 22:15:00+00:00,2388.364990234375,2388.364990234375,2393.34521484375,2386.174072265625,2392.309326171875,292235264
2024-11-04 22:30:00+00:00,2395.788330078125,2395.788330078125,2395.788330078125,2384.220458984375,2384.220458984375,88971264
2024-11-04 22:45:00+00:00,2412.174072265625,2412.174072265625,2412.174072265625,2394.171875,2394.171875,56494080
2024-11-04 23:00:00+00:00,2401.690673828125,2401.690673828125,2408.817138671875,2399.3408203125,2405.0908203125,47291392
2024-11-04 23:15:00+00:00,2393.597412109375,2393.597412109375,2401.191650390625,2392.31494140625,2398.74853515625,17214464
2024-11-04 23:30:00+00:00,2398.32421875,2398.32421875,2401.235595703125,2393.016357421875,2393.016357421875,66067456
2024-11-04 23:45:00+00:00,2396.013427734375,2396.013427734375,2396.013427734375,2392.8818359375,2394.9677734375,57231360
2024-11-05 00:00:00+00:00,2406.925048828125,2406.925048828125,2408.16162109375,2396.207275390625,2396.207275390625,78397440
2024-11-05 00:15:00+00:00,2406.894287109375,2406.894287109375,2407.97119140625,2401.69091796875,2403.076904296875,117739520
2024-11-05 00:30:00+00:00,2400.505615234375,2400.505615234375,2408.85546875,2400.505615234375,2405.625732421875,45658112
2024-11-05 00:45:00+00:00,2400.406982421875,2400.406982421875,2407.416015625,2399.11865234375,2400.938232421875,26642432
2024-11-05 01:00:00+00:00,2400.51171875,2400.51171875,2401.9990234375,2398.1435546875,2400.00634765625,5058560
2024-11-05 01:15:00+00:00,2385.96875,2385.96875,2400.9345703125,2384.208740234375,2400.9345703125,74049536
2024-11-05 01:30:00+00:00,2393.845947265625,2393.845947265625,2393.845947265625,2382.213134765625,2384.05322265625,24274944
2024-11-05 01:45:00+00:00,2409.2744140625,2409.2744140625,2409.2744140625,2403.365478515625,2403.365478515625,162508800
2024-11-05 02:00:00+00:00,2412.59814453125,2412.59814453125,2412.59814453125,2407.62646484375,2409.33154296875,12126208
2024-11-05 02:15:00+00:00,2409.79736328125,2409.79736328125,2413.522216796875,2407.42333984375,2412.10546875,22472704
2024-11-05 02:30:00+00:00,2404.6201171875,2404.6201171875,2409.989013671875,2404.6201171875,2409.989013671875,0
2024-11-05 02:45:00+00:00,2401.93505859375,2401.93505859375,2403.150390625,2400.181396484375,2403.150390625,0
2024-11-05 03:00:00+00:00,2410.9560546875,2410.9560546875,2411.162109375,2404.60107421875,2404.60107421875,6914048
2024-11-05 03:15:00+00:00,2410.992919921875,2410.992919921875,2412.067626953125,2409.26318359375,2412.067626953125,0
2024-11-05 03:30:00+00:00,2411.203125,2411.203125,2415.118408203125,2410.187255859375,2415.118408203125,54953984
2024-11-05 03:45:00+00:00,2416.5341796875,2416.5341796875,2416.5341796875,2411.264404296875,2411.264404296875,67614720
2024-11-05 04:00:00+00:00,2421.353515625,2421.353515625,2421.353515625,2418.20166015625,2418.480712890625,64059392
2024-11-05 04:15:00+00:00,2425.902587890625,2425.902587890625,2427.87548828125,2422.18115234375,2422.18115234375,90730496
2024-11-05 04:30:00+00:00,2425.658447265625,2425.658447265625,2425.882568359375,2425.228271484375,2425.531005859375,4089856
2024-11-05 04:45:00+00:00,2426.774169921875,2426.774169921875,2431.004150390625,2426.774169921875,2430.95458984375,54390784
2024-11-05 05:00:00+00:00,2425.137939453125,2425.137939453125,2427.821044921875,2423.430419921875,2427.2587890625,3653632
2024-11-05 05:15:00+00:00,2426.219970703125,2426.219970703125,2426.219970703125,2423.9921875,2425.41259765625,7102464
2024-11-05 05:30:00+00:00,2428.0400390625,2428.0400390625,2428.05419921875,2424.592041015625,2424.9619140625,36190208
2024-11-05 05:45:00+00:00,2430.920166015625,2430.920166015625,2432.6181640625,2427.224609375,2427.224609375,25081856
2024-11-05 06:00:00+00:00,2426.025146484375,2426.025146484375,2431.32861328125,2425.996337890625,2430.899658203125,23689216
2024-11-05 06:15:00+00:00,2424.476318359375,2424.476318359375,2426.5087890625,2424.21728515625,2426.1064453125,2025472
2024-11-05 06:30:00+00:00,2425.2724609375,2425.2724609375,2428.10107421875,2424.51220703125,2424.51220703125,21882880
2024-11-05 06:45:00+00:00,2429.723876953125,2429.723876953125,2429.723876953125,2424.907470703125,2424.907470703125,29908992
2024-11-05 07:00:00+00:00,2429.758056640625,2429.758056640625,2430.767333984375,2427.9130859375,2428.770263671875,11948032
2024-11-05 07:15:00+00:00,2422.2744140625,2422.2744140625,2429.306396484375,2422.2744140625,2429.306396484375,13791232
2024-11-05 07:30:00+00:00,2441.66357421875,2441.66357421875,2441.66357421875,2422.1103515625,2422.1103515625,33927168
2024-11-05 07:45:00+00:00,2441.880126953125,2441.880126953125,2441.880126953125,2437.096923828125,2439.59033203125,253286400
2024-11-05 08:00:00+00:00,2438.684814453125,2438.684814453125,2443.580078125,2438.583984375,2441.536865234375,8042496
2024-11-05 08:15:00+00:00,2435.313232421875,2435.313232421875,2438.394775390625,2435.29736328125,2438.349853515625,30564352
2024-11-05 08:30:00+00:00,2434.908203125,2434.908203125,2437.585693359375,2434.84375,2435.169921875,9046016
2024-11-05 08:45:00+00:00,2439.383544921875,2439.383544921875,2439.383544921875,2434.963623046875,2435.314453125,0
2024-11-05 09:00:00+00:00,2445.046630859375,2445.046630859375,2445.80908203125,2439.838623046875,2440.73486328125,61812736
2024-11-05 09:15:00+00:00,2438.227783203125,2438.227783203125,2443.79150390625,2438.227783203125,2443.49072265625,32247808
2024-11-05 09:30:00+00:00,2436.236328125,2436.236328125,2440.50146484375,2436.236328125,2437.403564453125,16484352
2024-11-05 09:45:00+00:00,2435.73193359375,2435.73193359375,2437.35009765625,2435.34716796875,2437.35009765625,4032512
2024-11-05 10:00:00+00:00,2431.533935546875,2431.533935546875,2435.459228515625,2430.51806640625,2435.459228515625,0
2024-11-05 10:15:00+00:00,2435.37548828125,2435.37548828125,2435.37548828125,2430.0859375,2432.093017578125,0
2024-11-05 10:30:00+00:00,2435.704833984375,2435.704833984375,2438.145751953125,2435.55419921875,2436.188232421875,5246976
2024-11-05 10:45:00+00:00,2434.525634765625,2434.525634765625,2437.233642578125,2433.591796875,2436.267822265625,487424
2024-11-05 11:00:00+00:00,2439.53564453125,2439.53564453125,2439.53564453125,2434.343017578125,2434.343017578125,0
2024-11-05 11:15:00+00:00,2438.190673828125,2438.190673828125,2439.5986328125,2438.190673828125,2439.595947265625,0
2024-11-05 11:30:00+00:00,2441.539306640625,2441.539306640625,2441.539306640625,2438.113525390625,2438.622802734375,41594880
2024-11-05 11:45:00+00:00,2439.217529296875,2439.217529296875,2439.217529296875,2436.53662109375,2437.28857421875,16705536
2024-11-05 12:00:00+00:00,2441.268798828125,2441.268798828125,2441.268798828125,2438.37744140625,2439.749267578125,4280320
2024-11-05 12:15:00+00:00,2436.370849609375,2436.370849609375,2440.07568359375,2436.220947265625,2440.07568359375,3364864
2024-11-05 12:30:00+00:00,2444.92626953125,2444.92626953125,2445.233154296875,2436.51416015625,2436.51416015625,30599168
2024-11-05 12:45:00+00:00,2444.01220703125,2444.01220703125,2446.60009765625,2442.079345703125,2443.343017578125,33597440
2024-11-05 13:00:00+00:00,2439.780029296875,2439.780029296875,2443.287353515625,2438.0830078125,2443.287353515625,0
2024-11-05 13:15:00+00:00,2439.69921875,2439.69921875,2439.69921875,2437.620849609375,2438.757080078125,3631104
2024-11-05 13:30:00+00:00,2441.594482421875,2441.594482421875,2442.763427734375,2439.079833984375,2439.079833984375,22368256
2024-11-05 13:45:00+00:00,2441.5244140625,2441.5244140625,2444.42041015625,2440.401123046875,2442.777099609375,9248768
2024-11-05 14:00:00+00:00,2442.552978515625,2442.552978515625,2442.556396484375,2438.990234375,2441.698974609375,0
2024-11-05 14:15:00+00:00,2462.095947265625,2462.095947265625,2462.887451171875,2442.5673828125,2443.645263671875,176474112
2024-11-05 14:30:00+00:00,2469.026611328125,2469.026611328125,2469.642333984375,2461.3486328125,2461.3486328125,280072192
2024-11-05 14:45:00+00:00,2469.6767578125,2469.6767578125,2477.946044921875,2467.36474609375,2468.74365234375,287309824
2024-11-05 15:00:00+00:00,2461.785400390625,2461.785400390625,2468.804931640625,2449.6669921875,2468.71630859375,307324928
2024-11-05 15:15:00+00:00,2441.314453125,2441.314453125,2457.24462890625,2441.314453125,2457.24462890625,160077824
2024-11-05 15:30:00+00:00,2446.186279296875,2446.186279296875,2446.186279296875,2429.7734375,2435.521728515625,195725312
2024-11-05 15:45:00+00:00,2439.224609375,2439.224609375,2448.35009765625,2439.057373046875,2447.162353515625,61829120
2024-11-05 16:00:00+00:00,2444.9228515625,2444.9228515625,2446.794677734375,2438.5654296875,2439.6337890625,31000576
2024-11-05 16:15:00+00:00,2448.267333984375,2448.267333984375,2450.177001953125,2445.76416015625,2445.76416015625,20072448
2024-11-05 16:30:00+00:00,2451.43798828125,2451.43798828125,2464.359130859375,2450.65966796875,2450.65966796875,95811584
2024-11-05 16:45:00+00:00,2460.871826171875,2460.871826171875,2462.597900390625,2451.817626953125,2453.9169921875,15685632
2024-11-05 17:00:00+00:00,2469.819091796875,2469.819091796875,2473.96337890625,2459.27392578125,2462.21240234375,22579200
2024-11-05 17:15:00+00:00,2460.4892578125,2460.4892578125,2472.908447265625,2460.4892578125,2472.908447265625,0
2024-11-05 17:30:00+00:00,2458.267578125,2458.267578125,2460.71240234375,2456.266845703125,2459.44970703125,0
2024-11-05 17:45:00+00:00,2453.774169921875,2453.774169921875,2458.25341796875,2452.872314453125,2458.25341796875,43823104
2024-11-05 18:00:00+00:00,2450.251708984375,2450.251708984375,2456.0009765625,2450.251708984375,2451.911865234375,4780032
2024-11-05 18:15:00+00:00,2452.269287109375,2452.269287109375,2452.926025390625,2447.268798828125,2448.763427734375,18661376
2024-11-05 18:30:00+00:00,2457.79736328125,2457.79736328125,2458.304931640625,2452.061279296875,2453.45556640625,23269376
2024-11-05 18:45:00+00:00,2452.7099609375,2452.7099609375,2457.338623046875,2451.11083984375,2457.338623046875,50579456
2024-11-05 19:00:00+00:00,2451.240478515625,2451.240478515625,2454.562255859375,2451.240478515625,2452.928466796875,18378752
2024-11-05 19:15:00+00:00,2449.166015625,2449.166015625,2449.612060546875,2442.16748046875,2448.72607421875,49201152
2024-11-05 19:30:00+00:00,2445.042236328125,2445.042236328125,2448.197998046875,2444.648193359375,2448.197998046875,35985408
2024-11-05 19:45:00+00:00,2404.54443359375,2404.54443359375,2446.49267578125,2404.54443359375,2446.016845703125,262746112
2024-11-05 20:00:00+00:00,2427.701171875,2427.701171875,2427.701171875,2408.666259765625,2408.666259765625,415873024
2024-11-05 20:15:00+00:00,2430.19921875,2430.19921875,2430.19921875,2420.015869140625,2428.30126953125,253612032
2024-11-05 20:30:00+00:00,2432.62353515625,2432.62353515625,2434.06982421875,2429.41748046875,2430.940185546875,117303296
2024-11-05 20:45:00+00:00,2427.96630859375,2427.96630859375,2435.798828125,2427.889404296875,2432.426025390625,64129024
2024-11-05 21:00:00+00:00,2427.484375,2427.484375,2428.3759765625,2422.556640625,2427.026123046875,24164352
2024-11-05 21:15:00+00:00,2423.908935546875,2423.908935546875,2427.280029296875,2422.79248046875,2427.280029296875,10276864
2024-11-05 21:30:00+00:00,2422.434814453125,2422.434814453125,2426.261474609375,2421.909423828125,2424.33251953125,0
2024-11-05 21:45:00+00:00,2416.508544921875,2416.508544921875,2422.621826171875,2416.508544921875,2422.621826171875,0
2024-11-05 22:00:00+00:00,2414.969970703125,2414.969970703125,2418.2001953125,2413.324462890625,2415.778564453125,0
2024-11-05 22:15:00+00:00,2423.097900390625,2423.097900390625,2423.097900390625,2409.246337890625,2415.586181640625,0
2024-11-05 22:30:00+00:00,2427.091064453125,2427.091064453125,2430.21435546875,2422.395263671875,2422.395263671875,30625792
2024-11-05 22:45:00+00:00,2432.955810546875,2432.955810546875,2432.955810546875,2426.3359375,2427.7119140625,0
2024-11-05 23:00:00+00:00,2433.251220703125,2433.251220703125,2438.03271484375,2432.536865234375,2434.918212890625,0
2024-11-05 23:15:00+00:00,2437.233154296875,2437.233154296875,2437.233154296875,2431.234130859375,2433.180908203125,0
2024-11-05 23:30:00+00:00,2433.10693359375,2433.10693359375,2439.3486328125,2432.524658203125,2436.837158203125,10823680
2024-11-05 23:45:00+00:00,2423.607177734375,2423.607177734375,2428.4794921875,2422.526123046875,2428.4794921875,20967424
2024-11-06 00:00:00+00:00,2435.674560546875,2435.674560546875,2435.674560546875,2422.083984375,2422.5126953125,0
2024-11-06 00:15:00+00:00,2456.390869140625,2456.390869140625,2456.575439453125,2430.748779296875,2432.072509765625,216393728
2024-11-06 00:30:00+00:00,2470.82177734375,2470.82177734375,2470.949951171875,2453.39990234375,2453.39990234375,336799744
2024-11-06 00:45:00+00:00,2484.3681640625,2484.3681640625,2490.106201171875,2475.340576171875,2476.5390625,524478464
2024-11-06 01:00:00+00:00,2507.10009765625,2507.10009765625,2507.360107421875,2485.6943359375,2485.6943359375,382507008
2024-11-06 01:15:00+00:00,2481.3017578125,2481.3017578125,2508.658447265625,2476.088623046875,2508.658447265625,379725824
2024-11-06 01:30:00+00:00,2477.370849609375,2477.370849609375,2490.518798828125,2473.761474609375,2480.96533203125,230518784
2024-11-06 01:45:00+00:00,2484.92431640625,2484.92431640625,2487.31201171875,2475.796875,2475.796875,110082048
2024-11-06 02:00:00+00:00,2494.987548828125,2494.987548828125,2494.987548828125,2478.195556640625,2482.80224609375,88031232
2024-11-06 02:15:00+00:00,2543.575927734375,2543.575927734375,2543.575927734375,2491.465087890625,2491.465087890625,767692800
2024-11-06 02:30:00+00:00,2556.60107421875,2556.60107421875,2561.586669921875,2540.581787109375,2540.581787109375,692885504
2024-11-06 02:45:00+00:00,2574.60009765625,2574.60009765625,2574.8681640625,2558.455322265625,2559.232666015625,567771136
2024-11-06 03:00:00+00:00,2583.948486328125,2583.948486328125,2628.194580078125,2568.333740234375,2569.455810546875,1451081728
2024-11-06 03:15:00+00:00,2587.23779296875,2587.23779296875,2601.8037109375,2578.21142578125,2593.535888671875,1023307776
2024-11-06 03:30:00+00:00,2584.71484375,2584.71484375,2598.545654296875,2583.677734375,2585.951416015625,867203072
2024-11-06 03:45:00+00:00,2576.647216796875,2576.647216796875,2586.40185546875,2576.647216796875,2585.997314453125,371535872
2024-11-06 04:00:00+00:00,2589.993408203125,2589.993408203125,2592.637939453125,2576.489013671875,2578.58447265625,639744000
2024-11-06 04:15:00+00:00,2591.4677734375,2591.4677734375,2603.349365234375,2589.491943359375,2590.1044921875,416423936
2024-11-06 04:30:00+00:00,2593.000732421875,2593.000732421875,2602.9150390625,2590.3740234375,2591.015869140625,573034496
2024-11-06 04:45:00+00:00,2591.860595703125,2591.860595703125,2593.102294921875,2590.328369140625,2592.033935546875,186308608
2024-11-06 05:00:00+00:00,2573.874267578125,2573.874267578125,2584.5068359375,2565.5400390625,2584.5068359375,505159680
2024-11-06 05:15:00+00:00,2588.523681640625,2588.523681640625,2588.523681640625,2571.188720703125,2577.20849609375,371615744
2024-11-06 05:30:00+00:00,2588.740966796875,2588.740966796875,2590.014892578125,2583.685546875,2587.714599609375,308862976
2024-11-06 05:45:00+00:00,2594.90478515625,2594.90478515625,2595.447265625,2589.0390625,2589.742431640625,185016320
2024-11-06 06:00:00+00:00,2599.229736328125,2599.229736328125,2601.698486328125,2592.220703125,2596.768310546875,429314048
2024-11-06 06:15:00+00:00,2610.983154296875,2610.983154296875,2621.9423828125,2596.30126953125,2599.145751953125,626946048
2024-11-06 06:30:00+00:00,2603.51708984375,2603.51708984375,2612.25146484375,2603.15869140625,2603.15869140625,427995136
2024-11-06 06:45:00+00:00,2589.081787109375,2589.081787109375,2600.037353515625,2585.21337890625,2598.228515625,303187968
2024-11-06 07:00:00+00:00,2596.6689453125,2596.6689453125,2596.6689453125,2584.720947265625,2584.720947265625,295270400
2024-11-06 07:15:00+00:00,2620.59375,2620.59375,2622.631591796875,2595.142822265625,2596.672119140625,363708416
2024-11-06 07:30:00+00:00,2594.91015625,2594.91015625,2640.822265625,2589.08984375,2622.7431640625,1099483136
2024-11-06 07:45:00+00:00,2592.817138671875,2592.817138671875,2615.833740234375,2592.817138671875,2600.594482421875,470759424
2024-11-06 08:00:00+00:00,2595.487548828125,2595.487548828125,2600.811279296875,2585.288330078125,2596.566162109375,620589056
2024-11-06 08:15:00+00:00,2580.36474609375,2580.36474609375,2602.44580078125,2577.15966796875,2601.536376953125,554457088
2024-11-06 08:30:00+00:00,2594.556396484375,2594.556396484375,2594.556396484375,2574.881591796875,2583.22021484375,354181120
2024-11-06 08:45:00+00:00,2605.40576171875,2605.40576171875,2605.40576171875,2591.38916015625,2595.0244140625,245231616
2024-11-06 09:00:00+00:00,2622.488525390625,2622.488525390625,2625.8203125,2606.19287109375,2606.19287109375,233455616
2024-11-06 09:15:00+00:00,2622.37353515625,2622.37353515625,2622.37353515625,2616.772216796875,2621.51220703125,249106432
2024-11-06 09:30:00+00:00,2622.283203125,2622.283203125,2629.049560546875,2620.035888671875,2621.577880859375,156942336
2024-11-06 09:45:00+00:00,2624.276611328125,2624.276611328125,2624.276611328125,2617.894775390625,2621.907470703125,176242688
2024-11-06 10:00:00+00:00,2614.287353515625,2614.287353515625,2624.507568359375,2612.8046875,2622.873291015625,84934656
2024-11-06 10:15:00+00:00,2619.258544921875,2619.258544921875,2619.258544921875,2613.794921875,2613.794921875,136712192
2024-11-06 10:30:00+00:00,2629.089111328125,2629.089111328125,2629.089111328125,2613.957763671875,2617.885009765625,166584320
2024-11-06 10:45:00+00:00,2623.86328125,2623.86328125,2630.39111328125,2623.86328125,2628.69921875,112750592
2024-11-06 11:00:00+00:00,2623.42333984375,2623.42333984375,2625.28173828125,2620.3759765625,2624.662109375,33591296
2024-11-06 11:15:00+00:00,2630.979248046875,2630.979248046875,2632.84423828125,2623.42041015625,2624.498046875,270802944
2024-11-06 11:30:00+00:00,2635.22119140625,2635.22119140625,2636.392822265625,2629.3408203125,2631.0732421875,204439552
2024-11-06 11:45:00+00:00,2628.690185546875,2628.690185546875,2637.253173828125,2627.27685546875,2635.04248046875,120623104
2024-11-06 12:00:00+00:00,2637.76904296875,2637.76904296875,2640.545166015625,2630.64111328125,2630.64111328125,205328384
2024-11-06 12:15:00+00:00,2640.911865234375,2640.911865234375,2648.52392578125,2637.48388671875,2637.48388671875,321007616
2024-11-06 12:30:00+00:00,2643.510009765625,2643.510009765625,2644.32177734375,2636.01806640625,2639.221435546875,84275200
2024-11-06 12:45:00+00:00,2637.04248046875,2637.04248046875,2646.588623046875,2637.04248046875,2643.36669921875,84971520
2024-11-06 13:00:00+00:00,2630.890380859375,2630.890380859375,2635.7607421875,2626.822021484375,2635.7607421875,137670656
2024-11-06 13:15:00+00:00,2620.497314453125,2620.497314453125,2629.7431640625,2615.123291015625,2629.7431640625,275136512
2024-11-06 13:30:00+00:00,2617.9833984375,2617.9833984375,2626.552001953125,2617.9833984375,2620.96533203125,136982528
2024-11-06 13:45:00+00:00,2619.962890625,2619.962890625,2623.458984375,2617.15087890625,2618.159423828125,126398464
2024-11-06 14:00:00+00:00,2619.900634765625,2619.900634765625,2624.5810546875,2614.07177734375,2619.8994140625,90542080
2024-11-06 14:15:00+00:00,2626.09423828125,2626.09423828125,2626.09423828125,2616.435791015625,2621.205322265625,101285888
2024-11-06 14:30:00+00:00,2637.154052734375,2637.154052734375,2642.68994140625,2627.516357421875,2627.516357421875,46931968
2024-11-06 14:45:00+00:00,2612.5947265625,2612.5947265625,2634.65087890625,2612.2158203125,2634.65087890625,0
2024-11-06 15:00:00+00:00,2643.940673828125,2643.940673828125,2643.940673828125,2613.224853515625,2614.247802734375,0
2024-11-06 15:15:00+00:00,2663.312255859375,2663.312255859375,2664.35693359375,2645.488037109375,2645.488037109375,399208448
2024-11-06 15:30:00+00:00,2643.36572265625,2643.36572265625,2663.47509765625,2639.087646484375,2663.47509765625,43397120
2024-11-06 15:45:00+00:00,2640.52490234375,2640.52490234375,2648.96630859375,2638.2783203125,2643.452392578125,110997504
2024-11-06 16:00:00+00:00,2646.718505859375,2646.718505859375,2648.40478515625,2636.904296875,2637.931884765625,46727168
2024-11-06 16:15:00+00:00,2652.703369140625,2652.703369140625,2652.703369140625,2640.530517578125,2649.29833984375,146341888
2024-11-06 16:30:00+00:00,2662.3447265625,2662.3447265625,2664.9990234375,2648.62548828125,2655.640380859375,123437056
2024-11-06 16:45:00+00:00,2658.44189453125,2658.44189453125,2663.93798828125,2657.234619140625,2658.7158203125,55521280
2024-11-06 17:00:00+00:00,2654.365966796875,2654.365966796875,2658.034423828125,2648.857177734375,2658.034423828125,95444992
2024-11-06 17:15:00+00:00,2659.879150390625,2659.879150390625,2660.093994140625,2651.524169921875,2654.734375,74051584
2024-11-06 17:30:00+00:00,2660.50634765625,2660.50634765625,2660.77490234375,2654.09521484375,2659.39208984375,54714368
2024-11-06 17:45:00+00:00,2654.099609375,2654.099609375,2660.8974609375,2652.78076171875,2660.8974609375,19582976
2024-11-06 18:00:00+00:00,2667.0029296875,2667.0029296875,2668.03466796875,2653.96435546875,2653.96435546875,112418816
2024-11-06 18:15:00+00:00,2665.087890625,2665.087890625,2666.848876953125,2662.792724609375,2664.09814453125,109785088
2024-11-06 18:30:00+00:00,2676.369873046875,2676.369873046875,2676.569580078125,2662.86328125,2666.05126953125,118620160
2024-11-06 18:45:00+00:00,2679.567138671875,2679.567138671875,2680.359130859375,2674.152587890625,2676.09619140625,143630336
2024-11-06 19:00:00+00:00,2677.62841796875,2677.62841796875,2680.535888671875,2672.541015625,2680.03466796875,106885120
2024-11-06 19:15:00+00:00,2673.867431640625,2673.867431640625,2678.0302734375,2666.784912109375,2678.0302734375,159584256
2024-11-06 19:30:00+00:00,2666.1025390625,2666.1025390625,2671.75244140625,2662.30810546875,2671.2275390625,96608256
2024-11-06 19:45:00+00:00,2687.45068359375,2687.45068359375,2687.45068359375,2665.891357421875,2667.2265625,78401536
2024-11-06 20:00:00+00:00,2697.57470703125,2697.57470703125,2701.32666015625,2677.12548828125,2689.56201171875,119361536
2024-11-06 20:15:00+00:00,2682.8671875,2682.8671875,2700.574462890625,2682.8671875,2698.811279296875,170291200
2024-11-06 20:30:00+00:00,2673.25146484375,2673.25146484375,2681.8046875,2673.25146484375,2680.378173828125,52613120
2024-11-06 20:45:00+00:00,2691.10693359375,2691.10693359375,2694.489501953125,2673.404296875,2677.119384765625,229593088
2024-11-06 21:00:00+00:00,2699.19091796875,2699.19091796875,2700.648681640625,2688.87060546875,2693.02587890625,237293568
2024-11-06 21:15:00+00:00,2690.552978515625,2690.552978515625,2703.91845703125,2689.557861328125,2703.6748046875,214970368
2024-11-06 21:30:00+00:00,2693.277099609375,2693.277099609375,2696.7900390625,2688.106201171875,2688.40625,144355328
2024-11-06 21:45:00+00:00,2690.386474609375,2690.386474609375,2694.3603515625,2686.364990234375,2694.3603515625,58339328
2024-11-06 22:00:00+00:00,2691.17724609375,2691.17724609375,2696.309814453125,2689.936279296875,2689.936279296875,77320192
2024-11-06 22:15:00+00:00,2693.630615234375,2693.630615234375,2700.168701171875,2687.079345703125,2687.079345703125,60141568
2024-11-06 22:30:00+00:00,2712.212158203125,2712.212158203125,2712.212158203125,2695.41845703125,2695.41845703125,162078720
2024-11-06 22:45:00+00:00,2735.29345703125,2735.29345703125,2739.737548828125,2709.648193359375,2709.648193359375,671559680
2024-11-06 23:00:00+00:00,2733.017578125,2733.017578125,2741.362548828125,2731.30126953125,2735.0986328125,298831872
2024-11-06 23:15:00+00:00,2729.19775390625,2729.19775390625,2733.58935546875,2724.77197265625,2733.58935546875,229711872
2024-11-06 23:30:00+00:00,2714.876708984375,2714.876708984375,2726.830810546875,2714.876708984375,2726.830810546875,82698240
2024-11-06 23:45:00+00:00,2724.77490234375,2724.77490234375,2724.77490234375,2715.7099609375,2715.7099609375,24891392
2024-11-07 00:00:00+00:00,2717.47509765625,2717.47509765625,2724.422119140625,2711.830322265625,2724.422119140625,38805504
2024-11-07 00:15:00+00:00,2708.61376953125,2708.61376953125,2720.68115234375,2707.44970703125,2717.069580078125,15650816
2024-11-07 00:30:00+00:00,2710.2568359375,2710.2568359375,2710.8427734375,2701.64501953125,2708.09521484375,0
2024-11-07 00:45:00+00:00,2724.578369140625,2724.578369140625,2724.578369140625,2705.350830078125,2710.564208984375,0
2024-11-07 01:00:00+00:00,2771.429443359375,2771.429443359375,2771.578857421875,2725.878173828125,2725.878173828125,411549696
2024-11-07 01:15:00+00:00,2829.47412109375,2829.47412109375,2829.47412109375,2777.048583984375,2780.054443359375,728113152
2024-11-07 01:30:00+00:00,2815.150390625,2815.150390625,2835.1376953125,2815.150390625,2819.97119140625,921001984
2024-11-07 01:45:00+00:00,2811.85693359375,2811.85693359375,2819.2822265625,2809.425537109375,2810.232177734375,318160896
2024-11-07 02:00:00+00:00,2822.6796875,2822.6796875,2827.943603515625,2815.052490234375,2815.052490234375,167141376
2024-11-07 02:15:00+00:00,2828.52197265625,2828.52197265625,2831.027099609375,2824.664794921875,2826.48876953125,0
2024-11-07 02:30:00+00:00,2846.3046875,2846.3046875,2847.15673828125,2827.7978515625,2827.7978515625,25464832
2024-11-07 02:45:00+00:00,2871.71337890625,2871.71337890625,2872.086669921875,2840.067626953125,2840.067626953125,178630656
2024-11-07 03:00:00+00:00,2858.501708984375,2858.501708984375,2874.544189453125,2857.97607421875,2874.544189453125,25378816
2024-11-07 03:15:00+00:00,2876.0380859375,2876.0380859375,2876.0380859375,2848.886962890625,2856.169189453125,0
2024-11-07 03:30:00+00:00,2866.0029296875,2866.0029296875,2874.1416015625,2858.538330078125,2874.1416015625,106668032
2024-11-07 03:45:00+00:00,2853.005859375,2853.005859375,2869.5888671875,2849.755615234375,2867.146240234375,0
2024-11-07 04:00:00+00:00,2842.078125,2842.078125,2855.573974609375,2842.078125,2855.573974609375,0
2024-11-07 04:15:00+00:00,2843.7890625,2843.7890625,2848.802734375,2839.877685546875,2843.257568359375,0
2024-11-07 04:30:00+00:00,2834.0126953125,2834.0126953125,2846.404541015625,2834.0126953125,2843.975341796875,0
2024-11-07 04:45:00+00:00,2839.965087890625,2839.965087890625,2841.61865234375,2828.515869140625,2828.515869140625,34095104
2024-11-07 05:00:00+00:00,2844.3984375,2844.3984375,2844.3984375,2837.115478515625,2841.399658203125,0
2024-11-07 05:15:00+00:00,2849.39404296875,2849.39404296875,2849.812255859375,2843.453369140625,2843.633544921875,0
2024-11-07 05:30:00+00:00,2839.13330078125,2839.13330078125,2849.94287109375,2839.13330078125,2849.94287109375,20185088
2024-11-07 05:45:00+00:00,2839.750732421875,2839.750732421875,2846.755859375,2838.788330078125,2838.99560546875,6324224
2024-11-07 06:00:00+00:00,2818.91259765625,2818.91259765625,2840.503662109375,2818.91259765625,2840.503662109375,0
2024-11-07 06:15:00+00:00,2821.77392578125,2821.77392578125,2825.890869140625,2819.998291015625,2819.998291015625,75616256
2024-11-07 06:30:00+00:00,2790.633544921875,2790.633544921875,2820.50927734375,2790.633544921875,2820.50927734375,25296896
2024-11-07 06:45:00+00:00,2804.019775390625,2804.019775390625,2804.81982421875,2782.714599609375,2790.867919921875,116269056
2024-11-07 07:00:00+00:00,2813.206298828125,2813.206298828125,2813.206298828125,2801.561279296875,2803.885009765625,22433792
2024-11-07 07:15:00+00:00,2813.86083984375,2813.86083984375,2815.36279296875,2812.461669921875,2813.14990234375,0
2024-11-07 07:30:00+00:00,2819.60791015625,2819.60791015625,2823.68505859375,2811.869873046875,2814.70361328125,0
2024-11-07 07:45:00+00:00,2822.45458984375,2822.45458984375,2823.341796875,2819.5439453125,2821.373046875,0
2024-11-07 08:00:00+00:00,2826.833251953125,2826.833251953125,2830.26953125,2818.705322265625,2821.55126953125,0
2024-11-07 08:15:00+00:00,2812.843017578125,2812.843017578125,2826.435546875,2812.843017578125,2826.435546875,0
2024-11-07 08:30:00+00:00,2814.618408203125,2814.618408203125,2815.593505859375,2808.85302734375,2810.76416015625,0
2024-11-07 08:45:00+00:00,2821.677001953125,2821.677001953125,2822.608642578125,2815.736328125,2815.736328125,0
2024-11-07 09:00:00+00:00,2823.50439453125,2823.50439453125,2826.958984375,2818.71875,2821.262939453125,0
2024-11-07 09:15:00+00:00,2826.77294921875,2826.77294921875,2826.77294921875,2821.9287109375,2824.64306640625,0
2024-11-07 09:30:00+00:00,2826.607666015625,2826.607666015625,2829.927001953125,2825.8515625,2827.123046875,0
2024-11-07 09:45:00+00:00,2824.392822265625,2824.392822265625,2829.2451171875,2821.569091796875,2826.746826171875,0
2024-11-07 10:00:00+00:00,2817.854736328125,2817.854736328125,2823.34716796875,2810.430908203125,2823.34716796875,0
2024-11-07 10:15:00+00:00,2813.649658203125,2813.649658203125,2819.541259765625,2812.39111328125,2818.982177734375,30003200
2024-11-07 10:30:00+00:00,2815.959228515625,2815.959228515625,2815.959228515625,2808.70947265625,2810.54248046875,0
2024-11-07 10:45:00+00:00,2818.213623046875,2818.213623046875,2821.515869140625,2816.571044921875,2816.571044921875,36798464
2024-11-07 11:00:00+00:00,2823.9853515625,2823.9853515625,2823.9853515625,2816.739501953125,2818.632080078125,8392704
2024-11-07 11:15:00+00:00,2821.5029296875,2821.5029296875,2824.80859375,2821.5029296875,2823.96826171875,7430144
2024-11-07 11:30:00+00:00,2814.5234375,2814.5234375,2820.984375,2814.5234375,2820.984375,0
2024-11-07 11:45:00+00:00,2796.31494140625,2796.31494140625,2815.837158203125,2795.70361328125,2810.718994140625,56434688
2024-11-07 12:00:00+00:00,2806.485107421875,2806.485107421875,2806.485107421875,2793.399658203125,2793.399658203125,0
2024-11-07 12:15:00+00:00,2811.427001953125,2811.427001953125,2813.25048828125,2808.709228515625,2808.709228515625,0
2024-11-07 12:30:00+00:00,2809.0439453125,2809.0439453125,2812.949462890625,2806.31201171875,2812.949462890625,0
2024-11-07 12:45:00+00:00,2818.618408203125,2818.618408203125,2819.93408203125,2814.298095703125,2815.366943359375,110249984
2024-11-07 13:00:00+00:00,2819.434326171875,2819.434326171875,2822.7724609375,2817.505126953125,2819.442138671875,0
2024-11-07 13:15:00+00:00,2821.8349609375,2821.8349609375,2821.8349609375,2813.223876953125,2821.40087890625,0
2024-11-07 13:30:00+00:00,2808.412841796875,2808.412841796875,2815.85693359375,2807.645263671875,2814.688232421875,2813952
2024-11-07 13:45:00+00:00,2807.074951171875,2807.074951171875,2818.520263671875,2807.074951171875,2814.158203125,12263424
2024-11-07 14:00:00+00:00,2808.015625,2808.015625,2815.46142578125,2806.417724609375,2806.417724609375,0
2024-11-07 14:15:00+00:00,2813.90087890625,2813.90087890625,2814.732177734375,2801.968994140625,2801.968994140625,74442752
2024-11-07 14:30:00+00:00,2804.203857421875,2804.203857421875,2818.546875,2804.203857421875,2815.902099609375,11464704
2024-11-07 14:45:00+00:00,2795.2265625,2795.2265625,2800.703125,2784.301025390625,2795.785888671875,125988864
2024-11-07 15:00:00+00:00,2808.45068359375,2808.45068359375,2810.504150390625,2788.37646484375,2794.470703125,20252672
2024-11-07 15:15:00+00:00,2828.218994140625,2828.218994140625,2828.218994140625,2811.9521484375,2811.9521484375,0
2024-11-07 15:30:00+00:00,2832.284912109375,2832.284912109375,2835.520751953125,2819.697509765625,2828.556396484375,28624896
2024-11-07 15:45:00+00:00,2844.56689453125,2844.56689453125,2849.212646484375,2824.67919921875,2830.62109375,172242944
2024-11-07 16:00:00+00:00,2835.325439453125,2835.325439453125,2852.328369140625,2832.242431640625,2849.626708984375,131778560
2024-11-07 16:15:00+00:00,2832.1455078125,2832.1455078125,2835.143798828125,2827.203125,2832.858154296875,75597824
2024-11-07 16:30:00+00:00,2843.005126953125,2843.005126953125,2843.895263671875,2834.022216796875,2834.022216796875,17731584
2024-11-07 16:45:00+00:00,2848.736328125,2848.736328125,2853.0234375,2842.280029296875,2842.6611328125,36626432
2024-11-07 17:00:00+00:00,2857.076904296875,2857.076904296875,2857.076904296875,2838.359130859375,2848.1259765625,57982976
2024-11-07 17:15:00+00:00,2867.792236328125,2867.792236328125,2871.046142578125,2858.858642578125,2860.313232421875,419567616
2024-11-07 17:30:00+00:00,2861.824462890625,2861.824462890625,2869.841796875,2857.88525390625,2867.18994140625,158011392
2024-11-07 17:45:00+00:00,2864.569580078125,2864.569580078125,2866.114013671875,2858.729736328125,2861.25830078125,103221248
2024-11-07 18:00:00+00:00,2848.18701171875,2848.18701171875,2867.621337890625,2846.8125,2863.52197265625,29511680
2024-11-07 18:15:00+00:00,2867.0947265625,2867.0947265625,2867.0947265625,2852.1767578125,2852.1767578125,153772032
2024-11-07 18:30:00+00:00,2869.551513671875,2869.551513671875,2881.35107421875,2867.048095703125,2867.691162109375,248586240
2024-11-07 18:45:00+00:00,2880.374267578125,2880.374267578125,2882.2705078125,2870.5126953125,2870.5126953125,92553216
2024-11-07 19:00:00+00:00,2884.866455078125,2884.866455078125,2885.1796875,2871.532470703125,2882.132080078125,296353792
2024-11-07 19:15:00+00:00,2873.47802734375,2873.47802734375,2886.961181640625,2863.267578125,2886.961181640625,135680000
2024-11-07 19:30:00+00:00,2857.767333984375,2857.767333984375,2878.565185546875,2857.767333984375,2871.413330078125,107368448
2024-11-07 19:45:00+00:00,2886.400146484375,2886.400146484375,2886.400146484375,2863.791748046875,2863.791748046875,128241664
2024-11-07 20:00:00+00:00,2887.758544921875,2887.758544921875,2889.239501953125,2882.072021484375,2886.034912109375,0
2024-11-07 20:15:00+00:00,2894.114990234375,2894.114990234375,2902.666748046875,2891.116943359375,2891.116943359375,229556224
2024-11-07 20:30:00+00:00,2887.9365234375,2887.9365234375,2895.799560546875,2887.345947265625,2894.700927734375,40722432
2024-11-07 20:45:00+00:00,2904.26513671875,2904.26513671875,2904.26513671875,2882.208251953125,2885.024169921875,50368512
2024-11-07 21:00:00+00:00,2905.264892578125,2905.264892578125,2913.78515625,2900.83642578125,2905.0390625,166187008
2024-11-07 21:15:00+00:00,2904.49169921875,2904.49169921875,2905.906005859375,2900.999755859375,2905.180419921875,0
2024-11-08 00:00:00+00:00,2945.7392578125,2945.7392578125,2945.7392578125,2896.075927734375,2896.075927734375,379596800
2024-11-08 00:15:00+00:00,2942.2529296875,2942.2529296875,2944.4921875,2942.2529296875,2944.4921875,221220864
