Datetime,Open,High,Low,Close,Volume,OpenInterest
2024-11-09 00:00:00+00:00,2961.5,2961.51,2961.3,2961.3,7.7064,0
2024-11-09 00:01:00+00:00,2961.3,2961.3,2959.21,2959.21,21.5733,0
2024-11-09 00:02:00+00:00,2959.21,2959.22,2956.96,2958.46,40.47,0
2024-11-09 00:03:00+00:00,2958.73,2958.8,2956.92,2956.92,20.7565,0
2024-11-09 00:04:00+00:00,2956.41,2956.41,2954.83,2955.63,17.5839,0
2024-11-09 00:05:00+00:00,2956.2,2957.28,2955.68,2955.69,32.6913,0
2024-11-09 00:06:00+00:00,2956.29,2961.09,2956.29,2960.89,64.7415,0
2024-11-09 00:07:00+00:00,2960.88,2962.23,2960.71,2961.6,12.2019,0
2024-11-09 00:08:00+00:00,2961.38,2962.74,2961.17,2962.25,29.2549,0
2024-11-09 00:09:00+00:00,2962.25,2964.99,2962.25,2964.86,17.4346,0
2024-11-09 00:10:00+00:00,2964.87,2965.93,2964.85,2965.86,17.0447,0
2024-11-09 00:11:00+00:00,2965.7,2966.39,2965.01,2966.21,23.3305,0
2024-11-09 00:12:00+00:00,2966.4,2972.32,2966.4,2971.47,122.2644,0
2024-11-09 00:13:00+00:00,2971.46,2971.46,2968.7,2969.18,33.838,0
2024-11-09 00:14:00+00:00,2969.17,2970.45,2968.95,2969.03,35.323,0
2024-11-09 00:15:00+00:00,2969.03,2969.25,2968.75,2969.02,28.8038,0
2024-11-09 00:16:00+00:00,2969.02,2969.02,2968.42,2968.94,17.4896,0
2024-11-09 00:17:00+00:00,2968.94,2969.58,2968.94,2969.58,47.6155,0
2024-11-09 00:18:00+00:00,2969.57,2969.57,2968.21,2969.01,13.7749,0
2024-11-09 00:19:00+00:00,2969.0,2969.0,2966.04,2967.0,50.5025,0
2024-11-09 00:20:00+00:00,2966.99,2970.87,2966.67,2969.75,60.7451,0
2024-11-09 00:21:00+00:00,2969.75,2972.23,2969.75,2972.22,75.944,0
2024-11-09 00:22:00+00:00,2972.23,2973.73,2972.23,2973.51,29.533,0
2024-11-09 00:23:00+00:00,2973.52,2974.19,2973.52,2974.1,5.8866,0
2024-11-09 00:24:00+00:00,2974.09,2974.09,2971.78,2973.62,40.9861,0
2024-11-09 00:25:00+00:00,2973.62,2973.62,2971.76,2971.77,23.9894,0
2024-11-09 00:26:00+00:00,2971.77,2973.21,2971.77,2973.21,22.6994,0
2024-11-09 00:27:00+00:00,2973.21,2973.79,2973.2,2973.66,15.6193,0
2024-11-09 00:28:00+00:00,2973.66,2973.67,2970.07,2970.07,31.1276,0
2024-11-09 00:29:00+00:00,2970.07,2970.07,2969.3,2969.3,5.4896,0
2024-11-09 00:30:00+00:00,2969.1,2969.85,2968.95,2969.85,22.1465,0
2024-11-09 00:31:00+00:00,2969.84,2969.84,2968.7,2968.7,20.172,0
2024-11-09 00:32:00+00:00,2968.7,2968.7,2966.8,2966.8,73.5804,0
2024-11-09 00:33:00+00:00,2966.81,2968.04,2966.8,2967.85,100.2385,0
2024-11-09 00:34:00+00:00,2967.85,2967.85,2961.87,2966.0,185.7592,0
2024-11-09 00:35:00+00:00,2966.01,2969.31,2966.0,2969.0,80.4923,0
2024-11-09 00:36:00+00:00,2968.99,2969.0,2968.27,2968.27,13.0395,0
2024-11-09 00:37:00+00:00,2968.27,2968.65,2968.26,2968.65,17.8886,0
2024-11-09 00:38:00+00:00,2968.64,2971.25,2968.49,2971.25,46.7992,0
2024-11-09 00:39:00+00:00,2971.66,2977.84,2970.94,2977.34,200.5676,0
2024-11-09 00:40:00+00:00,2977.45,2981.99,2977.45,2981.0,192.545,0
2024-11-09 00:41:00+00:00,2981.0,2981.0,2979.59,2979.91,115.4602,0
2024-11-09 00:42:00+00:00,2979.63,2981.89,2979.63,2981.74,155.5739,0
2024-11-09 00:43:00+00:00,2981.98,2985.0,2981.45,2985.0,117.3742,0
2024-11-09 00:44:00+00:00,2984.99,2986.49,2984.18,2986.49,39.281,0
2024-11-09 00:45:00+00:00,2986.49,2986.49,2983.51,2984.29,218.7399,0
2024-11-09 00:46:00+00:00,2984.32,2985.99,2984.09,2984.39,242.6414,0
2024-11-09 00:47:00+00:00,2984.38,2987.5,2980.73,2980.73,399.1507,0
2024-11-09 00:48:00+00:00,2980.68,2986.14,2980.67,2986.14,153.5551,0
2024-11-09 00:49:00+00:00,2986.63,2989.78,2986.63,2989.78,191.7799,0
2024-11-09 00:50:00+00:00,2989.76,2992.28,2988.34,2992.28,249.2159,0
2024-11-09 00:51:00+00:00,2992.27,2992.27,2985.61,2991.8,295.3232,0
2024-11-09 00:52:00+00:00,2991.79,2991.8,2989.06,2991.8,178.2972,0
2024-11-09 00:53:00+00:00,2992.03,2993.83,2991.3,2993.83,204.1013,0
2024-11-09 00:54:00+00:00,2993.98,2994.0,2991.04,2991.04,433.2831,0
2024-11-09 00:55:00+00:00,2991.04,2991.04,2984.73,2984.96,407.1267,0
2024-11-09 00:56:00+00:00,2985.36,2985.36,2983.29,2983.29,211.8632,0
2024-11-09 00:57:00+00:00,2983.28,2985.36,2978.45,2985.35,431.3704,0
2024-11-09 00:58:00+00:00,2985.67,2989.21,2985.67,2986.35,317.1942,0
2024-11-09 00:59:00+00:00,2986.35,2986.35,2981.87,2982.17,255.1987,0
2024-11-09 01:00:00+00:00,2982.18,2982.18,2978.27,2978.27,326.0727,0
2024-11-09 01:01:00+00:00,2978.27,2981.51,2977.83,2981.51,413.8007,0
2024-11-09 01:02:00+00:00,2981.51,2983.5,2980.82,2983.5,400.6035,0
2024-11-09 01:03:00+00:00,2983.51,2983.55,2978.57,2978.98,333.51,0
2024-11-09 01:04:00+00:00,2978.99,2980.13,2977.97,2979.9,177.9271,0
2024-11-09 01:05:00+00:00,2980.03,2983.28,2979.57,2980.86,630.7113,0
2024-11-09 01:06:00+00:00,2981.26,2983.4,2981.26,2982.95,278.4246,0
2024-11-09 01:07:00+00:00,2982.9,2982.94,2977.89,2979.2,371.8352,0
2024-11-09 01:08:00+00:00,2979.41,2980.37,2978.62,2979.26,502.5028,0
2024-11-09 01:09:00+00:00,2979.53,2979.53,2978.4,2979.52,187.2134,0
2024-11-09 01:10:00+00:00,2979.52,2981.32,2978.51,2981.32,354.5429,0
2024-11-09 01:11:00+00:00,2981.32,2986.24,2981.32,2986.12,467.4667,0
2024-11-09 01:12:00+00:00,2986.12,2991.0,2986.12,2988.89,499.4708,0
2024-11-09 01:13:00+00:00,2989.37,2991.89,2988.75,2991.2,187.2229,0
2024-11-09 01:14:00+00:00,2991.06,2991.9,2990.33,2990.34,110.8305,0
2024-11-09 01:15:00+00:00,2990.34,2991.79,2985.67,2985.68,208.2415,0
2024-11-09 01:16:00+00:00,2985.68,2987.82,2984.99,2987.17,406.9894,0
2024-11-09 01:17:00+00:00,2987.7,2992.41,2987.26,2987.26,216.6071,0
2024-11-09 01:18:00+00:00,2987.26,2989.1,2987.26,2988.34,50.9491,0
2024-11-09 01:19:00+00:00,2988.04,2990.25,2987.6,2987.71,48.9343,0
2024-11-09 01:20:00+00:00,2987.71,2989.35,2985.92,2986.15,373.3928,0
2024-11-09 01:21:00+00:00,2986.15,2987.54,2984.59,2985.31,368.5672,0
2024-11-09 01:22:00+00:00,2985.31,2985.31,2981.7,2983.66,273.9029,0
2024-11-09 01:23:00+00:00,2983.67,2986.8,2983.67,2985.62,323.1575,0
2024-11-09 01:24:00+00:00,2985.63,2986.64,2982.09,2982.09,341.7506,0
2024-11-09 01:25:00+00:00,2982.11,2983.21,2982.11,2983.21,72.7464,0
2024-11-09 01:26:00+00:00,2983.36,2986.32,2983.36,2986.32,187.1092,0
2024-11-09 01:27:00+00:00,2986.36,2986.36,2983.83,2985.19,198.7535,0
2024-11-09 01:28:00+00:00,2984.98,2985.4,2982.24,2983.44,313.449,0
2024-11-09 01:29:00+00:00,2983.45,2983.45,2979.31,2979.32,38.0534,0
2024-11-09 01:30:00+00:00,2979.32,2979.32,2975.17,2975.99,49.4835,0
2024-11-09 01:31:00+00:00,2976.0,2980.5,2975.67,2980.35,64.8461,0
2024-11-09 01:32:00+00:00,2980.47,2985.13,2980.47,2984.94,70.0325,0
2024-11-09 01:33:00+00:00,2984.95,2985.59,2982.75,2982.75,49.3085,0
2024-11-09 01:34:00+00:00,2982.59,2982.93,2980.67,2980.67,17.9639,0
2024-11-09 01:35:00+00:00,2980.53,2981.23,2976.25,2981.23,101.1643,0
2024-11-09 01:36:00+00:00,2981.22,2982.67,2980.81,2981.94,58.1354,0
2024-11-09 01:37:00+00:00,2981.99,2982.67,2981.88,2982.67,34.4914,0
2024-11-09 01:38:00+00:00,2982.69,2984.09,2982.69,2983.73,34.4426,0
2024-11-09 01:39:00+00:00,2983.73,2989.14,2983.73,2988.34,80.9272,0
2024-11-09 01:40:00+00:00,2987.57,2989.7,2987.13,2989.56,159.1907,0
2024-11-09 01:41:00+00:00,2989.56,2991.4,2987.63,2991.4,127.1228,0
2024-11-09 01:42:00+00:00,2992.0,2994.45,2992.0,2993.03,232.962,0
2024-11-09 01:43:00+00:00,2993.03,2993.93,2989.38,2989.59,154.0828,0
2024-11-09 01:44:00+00:00,2989.58,2991.32,2988.63,2989.97,186.3215,0
2024-11-09 01:45:00+00:00,2990.2,2990.48,2987.99,2989.23,93.5702,0
2024-11-09 01:46:00+00:00,2989.22,2989.22,2984.44,2985.35,296.8527,0
2024-11-09 01:47:00+00:00,2985.38,2986.49,2984.27,2986.18,239.1284,0
2024-11-09 01:48:00+00:00,2986.21,2988.0,2984.04,2984.77,229.7386,0
2024-11-09 01:49:00+00:00,2984.78,2985.62,2981.72,2982.01,116.1823,0
2024-11-09 01:50:00+00:00,2982.48,2985.59,2982.18,2983.78,342.3792,0
2024-11-09 01:51:00+00:00,2983.47,2985.01,2982.57,2984.85,297.6307,0
2024-11-09 01:52:00+00:00,2984.85,2985.59,2984.24,2985.4,289.5184,0
2024-11-09 01:53:00+00:00,2985.02,2988.79,2983.96,2988.31,306.1841,0
2024-11-09 01:54:00+00:00,2988.31,2991.53,2987.35,2990.65,172.8526,0
2024-11-09 01:55:00+00:00,2990.64,2991.07,2986.18,2986.43,292.8163,0
2024-11-09 01:56:00+00:00,2986.43,2986.43,2982.95,2982.99,159.6491,0
2024-11-09 01:57:00+00:00,2983.52,2986.07,2983.0,2983.0,151.9781,0
2024-11-09 01:58:00+00:00,2983.01,2987.43,2983.01,2986.41,301.8621,0
2024-11-09 01:59:00+00:00,2986.55,2986.84,2985.64,2985.65,150.7394,0
2024-11-09 02:00:00+00:00,2985.66,2986.63,2983.32,2983.42,531.8209,0
2024-11-09 02:01:00+00:00,2983.74,2984.06,2981.91,2983.2,98.7258,0
2024-11-09 02:02:00+00:00,2982.71,2986.36,2982.71,2982.81,190.0311,0
2024-11-09 02:03:00+00:00,2982.82,2984.58,2982.66,2984.01,290.4732,0
2024-11-09 02:04:00+00:00,2984.0,2984.0,2982.38,2982.39,28.7154,0
2024-11-09 02:05:00+00:00,2982.39,2982.39,2980.89,2982.01,212.3323,0
2024-11-09 02:06:00+00:00,2982.0,2983.25,2981.5,2982.92,321.6285,0
2024-11-09 02:07:00+00:00,2983.1,2983.58,2982.58,2982.59,125.843,0
2024-11-09 02:08:00+00:00,2982.59,2984.5,2982.59,2982.98,167.4923,0
2024-11-09 02:09:00+00:00,2982.98,2983.45,2982.45,2982.46,73.5123,0
2024-11-09 02:10:00+00:00,2982.46,2983.19,2980.11,2980.12,213.9989,0
2024-11-09 02:11:00+00:00,2980.11,2980.12,2978.31,2978.32,46.5336,0
2024-11-09 02:12:00+00:00,2978.32,2981.26,2978.32,2980.51,143.7889,0
2024-11-09 02:13:00+00:00,2980.22,2980.22,2977.69,2977.7,69.7886,0
2024-11-09 02:14:00+00:00,2977.69,2977.69,2964.8,2969.93,395.0654,0
2024-11-09 02:15:00+00:00,2969.94,2971.13,2967.16,2970.33,247.3272,0
2024-11-09 02:16:00+00:00,2970.73,2972.19,2970.33,2972.12,194.1188,0
2024-11-09 02:17:00+00:00,2972.12,2973.5,2971.58,2971.72,160.4281,0
2024-11-09 02:18:00+00:00,2971.71,2972.72,2971.39,2972.44,146.4983,0
2024-11-09 02:19:00+00:00,2972.71,2972.71,2969.48,2971.72,211.4551,0
2024-11-09 02:20:00+00:00,2971.71,2971.71,2970.9,2970.91,120.8505,0
2024-11-09 02:21:00+00:00,2970.9,2970.9,2966.82,2966.82,224.959,0
2024-11-09 02:22:00+00:00,2966.78,2969.8,2966.72,2969.8,245.6199,0
2024-11-09 02:23:00+00:00,2969.79,2969.79,2962.11,2964.37,264.5068,0
2024-11-09 02:24:00+00:00,2964.37,2969.61,2964.37,2969.24,439.0804,0
2024-11-09 02:25:00+00:00,2969.21,2969.76,2967.63,2967.63,189.3851,0
2024-11-09 02:26:00+00:00,2967.64,2970.91,2967.02,2970.86,414.5679,0
2024-11-09 02:27:00+00:00,2970.93,2973.91,2970.93,2973.9,154.8553,0
2024-11-09 02:28:00+00:00,2973.91,2974.25,2973.9,2974.25,122.4351,0
2024-11-09 02:29:00+00:00,2974.25,2974.26,2972.58,2973.25,102.4104,0
2024-11-09 02:30:00+00:00,2973.24,2973.37,2969.19,2970.18,180.4489,0
2024-11-09 02:31:00+00:00,2970.82,2974.29,2970.82,2973.33,211.3245,0
2024-11-09 02:32:00+00:00,2973.37,2976.88,2973.37,2976.87,34.8755,0
2024-11-09 02:33:00+00:00,2976.87,2977.0,2975.76,2976.28,69.8019,0
2024-11-09 02:34:00+00:00,2976.59,2976.59,2975.31,2975.32,14.3191,0
2024-11-09 02:35:00+00:00,2975.32,2977.5,2975.32,2976.44,52.4482,0
2024-11-09 02:36:00+00:00,2976.45,2977.39,2975.77,2975.77,26.434,0
2024-11-09 02:37:00+00:00,2975.78,2976.3,2972.12,2974.21,92.1083,0
2024-11-09 02:38:00+00:00,2974.22,2974.91,2973.69,2973.72,125.6185,0
2024-11-09 02:39:00+00:00,2973.71,2973.71,2972.17,2972.24,95.5055,0
2024-11-09 02:40:00+00:00,2972.24,2972.24,2969.12,2969.12,51.675,0
2024-11-09 02:41:00+00:00,2968.92,2970.98,2968.65,2970.95,72.6972,0
2024-11-09 02:42:00+00:00,2970.94,2970.94,2969.22,2969.22,38.2391,0
2024-11-09 02:43:00+00:00,2968.87,2969.14,2968.48,2968.48,20.8767,0
2024-11-09 02:44:00+00:00,2968.24,2970.89,2967.36,2970.88,39.4318,0
2024-11-09 02:45:00+00:00,2970.89,2971.47,2970.6,2971.47,47.6726,0
2024-11-09 02:46:00+00:00,2971.47,2972.74,2971.46,2972.7,19.4602,0
2024-11-09 02:47:00+00:00,2972.7,2972.7,2971.13,2972.48,37.3036,0
2024-11-09 02:48:00+00:00,2972.47,2972.47,2971.28,2971.28,44.5826,0
2024-11-09 02:49:00+00:00,2971.04,2971.25,2970.3,2970.31,25.5853,0
2024-11-09 02:50:00+00:00,2970.3,2970.9,2969.74,2970.75,33.2508,0
2024-11-09 02:51:00+00:00,2970.74,2971.43,2970.4,2971.21,25.5747,0
2024-11-09 02:52:00+00:00,2971.21,2974.76,2971.21,2974.55,46.8082,0
2024-11-09 02:53:00+00:00,2974.56,2975.0,2974.06,2975.0,42.2965,0
2024-11-09 02:54:00+00:00,2975.0,2975.1,2974.0,2974.33,43.3804,0
2024-11-09 02:55:00+00:00,2974.47,2974.81,2974.01,2974.3,58.44,0
2024-11-09 02:56:00+00:00,2974.3,2975.96,2974.3,2975.88,125.0236,0
2024-11-09 02:57:00+00:00,2975.88,2977.23,2975.7,2976.8,47.8887,0
2024-11-09 02:58:00+00:00,2976.8,2977.21,2976.79,2977.2,17.7864,0
2024-11-09 02:59:00+00:00,2977.19,2977.19,2976.0,2976.12,35.7486,0
2024-11-09 03:00:00+00:00,2976.12,2976.17,2975.61,2976.17,88.3231,0
2024-11-09 03:01:00+00:00,2976.39,2979.99,2976.39,2979.81,24.8811,0
2024-11-09 03:02:00+00:00,2979.82,2980.06,2978.23,2978.49,34.7914,0
2024-11-09 03:03:00+00:00,2978.49,2978.86,2976.32,2976.79,53.7158,0
2024-11-09 03:04:00+00:00,2976.79,2976.79,2976.14,2976.41,8.5108,0
2024-11-09 03:05:00+00:00,2976.42,2976.42,2972.47,2972.47,34.0633,0
2024-11-09 03:06:00+00:00,2972.47,2973.11,2971.5,2971.6,79.7735,0
2024-11-09 03:07:00+00:00,2971.6,2972.04,2970.4,2970.4,50.9345,0
2024-11-09 03:08:00+00:00,2970.41,2973.55,2970.41,2973.55,38.877,0
2024-11-09 03:09:00+00:00,2973.68,2975.35,2973.07,2973.11,83.9385,0
2024-11-09 03:10:00+00:00,2973.12,2973.52,2972.55,2973.15,61.2318,0
2024-11-09 03:11:00+00:00,2973.15,2974.28,2973.05,2974.15,40.0534,0
2024-11-09 03:12:00+00:00,2974.14,2974.14,2971.03,2971.03,58.2818,0
2024-11-09 03:13:00+00:00,2971.03,2971.66,2970.62,2971.24,48.7065,0
2024-11-09 03:14:00+00:00,2971.25,2972.1,2970.26,2972.1,45.6725,0
2024-11-09 03:15:00+00:00,2972.09,2972.55,2971.81,2971.81,22.4433,0
2024-11-09 03:16:00+00:00,2971.82,2971.82,2969.2,2969.21,42.902,0
2024-11-09 03:17:00+00:00,2969.21,2970.41,2968.37,2970.41,134.2919,0
2024-11-09 03:18:00+00:00,2970.41,2971.4,2970.01,2970.01,52.345,0
2024-11-09 03:19:00+00:00,2970.0,2971.23,2969.85,2970.49,45.2402,0
2024-11-09 03:20:00+00:00,2970.32,2970.85,2970.32,2970.49,53.6571,0
2024-11-09 03:21:00+00:00,2970.49,2972.27,2969.66,2972.27,75.1606,0
2024-11-09 03:22:00+00:00,2972.28,2972.67,2970.9,2971.08,42.2306,0
2024-11-09 03:23:00+00:00,2971.08,2971.67,2970.31,2970.59,48.647,0
2024-11-09 03:24:00+00:00,2970.61,2971.84,2969.98,2969.98,47.8488,0
2024-11-09 03:25:00+00:00,2969.97,2969.98,2969.97,2969.97,36.6309,0
2024-11-09 03:26:00+00:00,2969.98,2969.98,2969.35,2969.52,18.7106,0
2024-11-09 03:27:00+00:00,2969.52,2969.52,2967.18,2967.21,44.8021,0
2024-11-09 03:28:00+00:00,2967.22,2968.8,2966.53,2968.2,56.501,0
2024-11-09 03:29:00+00:00,2968.21,2969.03,2968.21,2969.02,21.427,0
2024-11-09 03:30:00+00:00,2969.02,2969.02,2967.1,2967.1,17.1246,0
2024-11-09 03:31:00+00:00,2967.09,2967.09,2966.46,2966.61,6.8616,0
2024-11-09 03:32:00+00:00,2966.62,2966.62,2966.25,2966.25,4.4674,0
2024-11-09 03:33:00+00:00,2966.25,2967.0,2966.25,2966.99,17.0513,0
2024-11-09 03:34:00+00:00,2966.99,2969.43,2966.99,2968.73,23.5517,0
2024-11-09 03:35:00+00:00,2968.66,2969.37,2968.06,2969.37,6.6739,0
2024-11-09 03:36:00+00:00,2969.39,2969.39,2967.37,2968.23,18.5193,0
2024-11-09 03:37:00+00:00,2968.23,2968.23,2966.55,2966.55,6.699,0
2024-11-09 03:38:00+00:00,2966.55,2967.36,2966.55,2967.14,16.1978,0
2024-11-09 03:39:00+00:00,2967.14,2967.14,2966.28,2966.28,15.721,0
2024-11-09 03:40:00+00:00,2966.27,2968.13,2966.27,2968.13,30.9389,0
2024-11-09 03:41:00+00:00,2968.12,2968.12,2967.11,2967.77,12.575,0
2024-11-09 03:42:00+00:00,2967.77,2967.78,2966.69,2966.94,2.7605,0
2024-11-09 03:43:00+00:00,2966.94,2968.13,2966.93,2968.05,6.6539,0
2024-11-09 03:44:00+00:00,2967.92,2969.2,2967.83,2969.2,8.8029,0
2024-11-09 03:45:00+00:00,2969.21,2969.21,2966.22,2966.4,21.7225,0
2024-11-09 03:46:00+00:00,2966.4,2966.4,2965.96,2965.96,4.5842,0
2024-11-09 03:47:00+00:00,2965.96,2965.96,2963.8,2963.81,14.0956,0
2024-11-09 03:48:00+00:00,2963.81,2965.13,2962.83,2962.83,27.0737,0
2024-11-09 03:49:00+00:00,2962.83,2964.68,2962.83,2964.67,35.0638,0
2024-11-09 03:50:00+00:00,2964.67,2964.69,2964.29,2964.29,8.081,0
2024-11-09 03:51:00+00:00,2964.28,2964.29,2962.7,2962.81,5.6185,0
2024-11-09 03:52:00+00:00,2962.81,2963.91,2962.81,2963.66,21.2799,0
2024-11-09 03:53:00+00:00,2963.66,2963.67,2962.31,2962.32,4.793,0
2024-11-09 03:54:00+00:00,2962.32,2964.38,2962.32,2964.38,33.6155,0
2024-11-09 03:55:00+00:00,2964.59,2965.61,2964.35,2965.61,8.6664,0
2024-11-09 03:56:00+00:00,2965.6,2965.6,2963.94,2963.94,16.676,0
2024-11-09 03:57:00+00:00,2963.93,2965.2,2963.93,2965.08,9.9146,0
2024-11-09 03:58:00+00:00,2965.08,2965.31,2964.85,2965.3,8.8137,0
2024-11-09 03:59:00+00:00,2965.31,2966.37,2965.31,2965.76,13.034,0
2024-11-09 04:00:00+00:00,2965.76,2966.4,2965.76,2966.4,22.262,0
2024-11-09 04:01:00+00:00,2966.4,2967.88,2966.4,2967.68,20.1289,0
2024-11-09 04:02:00+00:00,2967.68,2967.87,2967.46,2967.86,4.9302,0
2024-11-09 04:03:00+00:00,2967.86,2969.38,2967.86,2969.38,4.943,0
2024-11-09 04:04:00+00:00,2969.43,2969.62,2967.59,2967.59,22.6336,0
2024-11-09 04:05:00+00:00,2967.13,2967.13,2967.12,2967.12,29.3737,0
2024-11-09 04:06:00+00:00,2967.13,2967.13,2966.58,2966.59,3.7179,0
2024-11-09 04:07:00+00:00,2966.59,2966.59,2965.68,2966.59,22.1635,0
2024-11-09 04:08:00+00:00,2966.59,2968.67,2966.58,2968.67,18.8238,0
2024-11-09 04:09:00+00:00,2968.67,2968.67,2966.69,2966.82,14.7071,0
2024-11-09 04:10:00+00:00,2966.82,2967.05,2966.3,2967.05,18.2958,0
2024-11-09 04:11:00+00:00,2967.17,2967.79,2964.45,2964.45,21.12,0
2024-11-09 04:12:00+00:00,2964.45,2965.6,2963.36,2963.37,25.6166,0
2024-11-09 04:13:00+00:00,2963.37,2964.09,2962.83,2963.86,22.8988,0
2024-11-09 04:14:00+00:00,2964.01,2964.34,2963.96,2963.96,12.6425,0
2024-11-09 04:15:00+00:00,2963.73,2964.43,2963.54,2964.11,51.6712,0
2024-11-09 04:16:00+00:00,2964.11,2964.45,2964.11,2964.15,2.9499,0
2024-11-09 04:17:00+00:00,2964.15,2964.62,2963.92,2964.46,11.6686,0
2024-11-09 04:18:00+00:00,2963.98,2963.98,2962.94,2962.94,10.2777,0
2024-11-09 04:19:00+00:00,2962.94,2964.28,2962.93,2964.28,14.7454,0
2024-11-09 04:20:00+00:00,2964.28,2968.59,2964.28,2968.59,30.9726,0
2024-11-09 04:21:00+00:00,2968.58,2968.58,2966.91,2968.12,36.0817,0
2024-11-09 04:22:00+00:00,2968.12,2968.12,2967.0,2967.0,12.9297,0
2024-11-09 04:23:00+00:00,2967.0,2967.45,2966.3,2967.29,22.8834,0
2024-11-09 04:24:00+00:00,2967.3,2967.3,2967.29,2967.29,0.6021,0
2024-11-09 04:25:00+00:00,2967.3,2967.3,2966.55,2966.55,8.2647,0
2024-11-09 04:26:00+00:00,2966.54,2966.55,2965.67,2965.68,7.7315,0
2024-11-09 04:27:00+00:00,2965.67,2966.41,2965.67,2966.41,2.9196,0
2024-11-09 04:28:00+00:00,2966.42,2966.42,2966.06,2966.26,7.1565,0
2024-11-09 04:29:00+00:00,2966.36,2966.36,2966.34,2966.35,0.984,0
2024-11-09 04:30:00+00:00,2966.35,2969.63,2966.35,2969.62,92.9005,0
2024-11-09 04:31:00+00:00,2969.63,2971.42,2969.63,2970.3,16.895,0
2024-11-09 04:32:00+00:00,2970.19,2971.56,2970.19,2970.96,11.6439,0
2024-11-09 04:33:00+00:00,2970.52,2970.54,2970.52,2970.54,0.0949,0
2024-11-09 04:34:00+00:00,2970.53,2970.53,2965.04,2965.47,124.5404,0
2024-11-09 04:35:00+00:00,2965.46,2965.46,2963.04,2964.12,58.6137,0
2024-11-09 04:36:00+00:00,2964.11,2964.12,2963.83,2964.04,18.498,0
2024-11-09 04:37:00+00:00,2964.05,2964.05,2957.57,2959.23,162.0397,0
2024-11-09 04:38:00+00:00,2959.24,2959.5,2959.24,2959.31,22.2216,0
2024-11-09 04:39:00+00:00,2959.31,2960.62,2954.94,2959.62,217.5891,0
2024-11-09 04:40:00+00:00,2959.63,2961.49,2959.63,2961.03,52.4469,0
2024-11-09 04:41:00+00:00,2961.04,2963.54,2961.04,2963.53,74.6372,0
2024-11-09 04:42:00+00:00,2963.56,2972.46,2963.54,2971.15,357.5203,0
2024-11-09 04:43:00+00:00,2971.15,2971.58,2970.2,2970.51,39.6146,0
2024-11-09 04:44:00+00:00,2970.52,2970.52,2968.95,2968.96,36.7406,0
2024-11-09 04:45:00+00:00,2968.96,2969.87,2968.77,2969.87,84.8604,0
2024-11-09 04:46:00+00:00,2969.87,2971.48,2969.86,2971.47,74.9354,0
2024-11-09 04:47:00+00:00,2971.47,2972.88,2971.06,2972.56,53.4208,0
2024-11-09 04:48:00+00:00,2972.02,2972.03,2971.18,2971.18,57.0657,0
2024-11-09 04:49:00+00:00,2971.11,2972.42,2971.1,2972.4,49.11442856,0
2024-11-09 04:50:00+00:00,2972.41,2972.41,2970.8,2970.8,79.9065,0
2024-11-09 04:51:00+00:00,2970.8,2970.81,2969.91,2969.92,39.2523,0
2024-11-09 04:52:00+00:00,2969.92,2970.97,2969.92,2970.79,17.8965,0
2024-11-09 04:53:00+00:00,2970.79,2971.79,2970.67,2971.79,18.4312,0
2024-11-09 04:54:00+00:00,2971.79,2971.79,2971.77,2971.78,22.9617,0
2024-11-09 04:55:00+00:00,2971.79,2971.95,2971.52,2971.52,15.6426,0
2024-11-09 04:56:00+00:00,2971.53,2971.83,2971.53,2971.83,6.6083,0
2024-11-09 04:57:00+00:00,2971.84,2972.18,2971.84,2972.13,11.8477,0
2024-11-09 04:58:00+00:00,2971.99,2971.99,2971.65,2971.65,6.1569,0
2024-11-09 04:59:00+00:00,2971.65,2972.25,2971.65,2972.25,7.7548,0
2024-11-09 05:00:00+00:00,2972.26,2973.82,2971.78,2973.81,58.6833,0
2024-11-09 05:01:00+00:00,2973.82,2974.66,2973.82,2974.66,10.9,0
2024-11-09 05:02:00+00:00,2974.67,2974.67,2973.97,2974.09,9.857,0
2024-11-09 05:03:00+00:00,2974.09,2974.09,2971.36,2971.36,23.4777,0
2024-11-09 05:04:00+00:00,2971.34,2971.34,2970.9,2970.9,1.7856,0
2024-11-09 05:05:00+00:00,2970.9,2970.9,2969.24,2970.34,41.964,0
2024-11-09 05:06:00+00:00,2970.34,2971.31,2970.12,2971.31,11.7939,0
2024-11-09 05:07:00+00:00,2971.7,2973.88,2971.7,2973.54,13.413,0
2024-11-09 05:08:00+00:00,2973.12,2974.04,2972.69,2974.04,9.2756,0
2024-11-09 05:09:00+00:00,2974.04,2975.51,2974.03,2975.51,9.2508,0
2024-11-09 05:10:00+00:00,2975.73,2975.92,2975.73,2975.91,55.8972,0
2024-11-09 05:11:00+00:00,2975.92,2977.42,2975.92,2976.71,35.7957,0
2024-11-09 05:12:00+00:00,2976.71,2976.71,2974.57,2974.58,15.577,0
2024-11-09 05:13:00+00:00,2974.58,2974.58,2974.08,2974.2,3.28,0
2024-11-09 05:14:00+00:00,2974.36,2974.36,2974.21,2974.22,1.7596,0
2024-11-09 05:15:00+00:00,2974.21,2974.22,2973.79,2973.79,3.327,0
2024-11-09 05:16:00+00:00,2973.8,2974.5,2973.38,2973.38,41.8884,0
2024-11-09 05:17:00+00:00,2973.38,2975.22,2973.38,2975.21,24.2574,0
2024-11-09 05:18:00+00:00,2975.21,2975.21,2974.27,2974.93,17.9929,0
2024-11-09 05:19:00+00:00,2975.21,2977.64,2975.21,2977.29,38.1919,0
2024-11-09 05:20:00+00:00,2977.38,2977.65,2976.99,2977.0,23.6667,0
2024-11-09 05:21:00+00:00,2977.0,2980.92,2977.0,2980.92,72.099,0
2024-11-09 05:22:00+00:00,2980.75,2980.76,2977.11,2977.54,50.7996,0
2024-11-09 05:23:00+00:00,2977.55,2978.23,2977.55,2978.23,14.2382,0
2024-11-09 05:24:00+00:00,2978.45,2980.05,2978.09,2978.09,38.8259,0
2024-11-09 05:25:00+00:00,2978.03,2978.5,2977.52,2978.5,17.0015,0
2024-11-09 05:26:00+00:00,2978.5,2991.48,2978.5,2988.69,359.1821,0
2024-11-09 05:27:00+00:00,2988.85,2990.3,2986.92,2987.18,49.962,0
2024-11-09 05:28:00+00:00,2987.65,2988.87,2986.51,2986.51,29.6055,0
2024-11-09 05:29:00+00:00,2986.52,2988.9,2986.52,2987.97,34.6709,0
2024-11-09 05:30:00+00:00,2987.75,2989.2,2987.75,2989.2,13.3456,0
2024-11-09 05:31:00+00:00,2989.32,2990.23,2987.1,2987.11,53.7837,0
2024-11-09 05:32:00+00:00,2987.11,2988.05,2985.93,2985.93,42.3261,0
2024-11-09 05:33:00+00:00,2985.85,2987.88,2985.31,2987.5,28.7862,0
2024-11-09 05:34:00+00:00,2987.5,2990.02,2987.5,2990.01,66.7103,0
2024-11-09 05:35:00+00:00,2990.02,2990.85,2989.16,2989.17,39.1745,0
2024-11-09 05:36:00+00:00,2989.16,2990.01,2987.36,2989.56,74.9545,0
2024-11-09 05:37:00+00:00,2989.57,2989.57,2987.97,2987.97,29.1836,0
2024-11-09 05:38:00+00:00,2987.94,2990.01,2987.94,2990.01,30.3873,0
2024-11-09 05:39:00+00:00,2990.01,2993.23,2990.01,2993.23,88.0958,0
2024-11-09 05:40:00+00:00,2993.42,3000.0,2992.64,2999.27,412.7822,0
2024-11-09 05:41:00+00:00,2999.27,3011.23,2999.27,3007.48,665.5965,0
2024-11-09 05:42:00+00:00,3007.49,3022.83,3007.48,3020.22,449.8183,0
2024-11-09 05:43:00+00:00,3020.22,3027.16,3020.22,3024.8,289.9951,0
2024-11-09 05:44:00+00:00,3024.82,3027.99,3021.9,3026.82,199.3732,0
2024-11-09 05:45:00+00:00,3026.78,3033.26,3026.78,3029.54,1561.9208,0
2024-11-09 05:46:00+00:00,3029.56,3029.63,3024.69,3026.35,1072.2896,0
2024-11-09 05:47:00+00:00,3026.27,3028.61,3025.34,3025.79,927.509,0
2024-11-09 05:48:00+00:00,3025.7,3032.44,3023.04,3031.86,1364.6835,0
2024-11-09 05:49:00+00:00,3032.13,3044.17,3031.44,3042.54,1982.8337,0
2024-11-09 05:50:00+00:00,3042.54,3043.88,3039.42,3042.59,1700.4387,0
2024-11-09 05:51:00+00:00,3042.59,3042.61,3037.71,3038.96,1819.4058,0
2024-11-09 05:52:00+00:00,3038.96,3047.79,3037.92,3045.0,1279.4479,0
2024-11-09 05:53:00+00:00,3045.06,3047.02,3043.62,3045.2,2314.733,0
2024-11-09 05:54:00+00:00,3045.18,3049.65,3044.34,3045.56,2193.4536,0
2024-11-09 05:55:00+00:00,3045.55,3049.87,3041.35,3041.36,1963.6784,0
2024-11-09 05:56:00+00:00,3041.35,3045.37,3040.0,3040.98,984.6975,0
2024-11-09 05:57:00+00:00,3040.98,3042.21,3038.52,3040.59,1321.1587,0
2024-11-09 05:58:00+00:00,3040.58,3043.87,3039.4,3039.49,859.7098,0
2024-11-09 05:59:00+00:00,3039.36,3041.25,3038.39,3038.59,555.0012,0
2024-11-09 06:00:00+00:00,3038.6,3042.49,3037.9,3040.93,831.1062,0
2024-11-09 06:01:00+00:00,3040.94,3042.64,3040.94,3042.62,86.6824,0
2024-11-09 06:02:00+00:00,3042.63,3043.82,3036.43,3036.43,138.35,0
2024-11-09 06:03:00+00:00,3036.42,3038.54,3034.52,3038.4,109.3314,0
2024-11-09 06:04:00+00:00,3038.61,3040.63,3033.68,3039.33,183.5987,0
2024-11-09 06:05:00+00:00,3039.33,3048.41,3038.14,3047.64,328.744,0
2024-11-09 06:06:00+00:00,3047.61,3051.37,3044.24,3044.54,332.5701,0
2024-11-09 06:07:00+00:00,3044.55,3046.18,3044.54,3045.51,86.787,0
2024-11-09 06:08:00+00:00,3045.51,3054.97,3045.51,3054.96,224.9823,0
2024-11-09 06:09:00+00:00,3054.97,3055.36,3050.12,3053.87,318.213,0
2024-11-09 06:10:00+00:00,3053.87,3056.74,3052.47,3054.55,1202.8081,0
2024-11-09 06:11:00+00:00,3054.55,3056.32,3054.55,3055.7,598.9278,0
2024-11-09 06:12:00+00:00,3055.85,3055.85,3051.42,3052.33,717.2319,0
2024-11-09 06:13:00+00:00,3052.33,3053.0,3050.1,3051.31,546.2081,0
2024-11-09 06:14:00+00:00,3051.31,3054.31,3050.77,3051.72,717.9532,0
2024-11-09 06:15:00+00:00,3051.72,3054.61,3051.72,3054.6,393.7245,0
2024-11-09 06:16:00+00:00,3054.61,3057.84,3054.61,3055.86,1104.766,0
2024-11-09 06:17:00+00:00,3055.9,3055.9,3051.43,3053.48,1303.9631,0
2024-11-09 06:18:00+00:00,3053.47,3056.12,3051.59,3052.52,1041.6804,0
2024-11-09 06:19:00+00:00,3052.51,3054.63,3051.76,3051.76,796.2827,0
2024-11-09 06:20:00+00:00,3051.67,3053.03,3050.37,3052.3,380.0859,0
2024-11-09 06:21:00+00:00,3052.3,3054.34,3048.84,3048.87,1267.3752,0
2024-11-09 06:22:00+00:00,3048.84,3051.63,3048.69,3051.63,659.3501,0
2024-11-09 06:23:00+00:00,3051.63,3054.44,3051.41,3054.44,198.7891,0
2024-11-09 06:24:00+00:00,3054.44,3055.13,3051.45,3052.03,647.6288,0
2024-11-09 06:25:00+00:00,3052.02,3053.67,3051.68,3053.0,127.4791,0
2024-11-09 06:26:00+00:00,3053.0,3054.59,3052.99,3054.3,305.2064,0
2024-11-09 06:27:00+00:00,3054.3,3057.15,3052.57,3056.85,347.7955,0
2024-11-09 06:28:00+00:00,3056.84,3056.84,3053.48,3054.46,277.3574,0
2024-11-09 06:29:00+00:00,3054.46,3055.22,3053.49,3053.66,125.0673,0
2024-11-09 06:30:00+00:00,3053.66,3054.0,3049.48,3050.02,297.0865,0
2024-11-09 06:31:00+00:00,3049.86,3052.01,3048.64,3049.33,114.5487,0
2024-11-09 06:32:00+00:00,3049.62,3049.62,3045.63,3045.63,108.5394,0
2024-11-09 06:33:00+00:00,3045.64,3046.47,3044.35,3045.97,48.4111,0
2024-11-09 06:34:00+00:00,3045.97,3047.14,3045.41,3046.29,85.1146,0
2024-11-09 06:35:00+00:00,3046.29,3046.63,3043.84,3043.84,118.4225,0
2024-11-09 06:36:00+00:00,3043.84,3043.84,3032.04,3033.97,211.5173,0
2024-11-09 06:37:00+00:00,3033.97,3035.27,3033.16,3034.15,148.1044,0
2024-11-09 06:38:00+00:00,3034.31,3035.29,3032.5,3033.37,133.4671,0
2024-11-09 06:39:00+00:00,3033.37,3037.52,3032.94,3037.51,127.0336,0
2024-11-09 06:40:00+00:00,3037.32,3037.32,3034.95,3034.96,389.4805,0
2024-11-09 06:41:00+00:00,3034.96,3035.48,3032.95,3033.86,400.044,0
2024-11-09 06:42:00+00:00,3033.87,3036.01,3033.87,3035.45,121.503,0
2024-11-09 06:43:00+00:00,3035.44,3040.53,3035.44,3039.71,225.6394,0
2024-11-09 06:44:00+00:00,3039.85,3040.53,3037.89,3038.39,132.105,0
2024-11-09 06:45:00+00:00,3038.18,3038.43,3036.35,3037.8,272.9329,0
2024-11-09 06:46:00+00:00,3037.8,3037.99,3035.07,3035.07,206.5975,0
2024-11-09 06:47:00+00:00,3035.07,3037.21,3035.07,3036.81,109.6584,0
2024-11-09 06:48:00+00:00,3036.81,3036.81,3034.34,3034.34,200.4323,0
2024-11-09 06:49:00+00:00,3034.2,3035.14,3034.05,3034.5,157.158,0
2024-11-09 06:50:00+00:00,3034.5,3036.59,3034.5,3035.68,232.1308,0
2024-11-09 06:51:00+00:00,3035.55,3036.6,3035.33,3036.59,15.1061,0
2024-11-09 06:52:00+00:00,3036.59,3036.59,3033.74,3033.75,25.9016,0
2024-11-09 06:53:00+00:00,3033.75,3035.66,3033.75,3034.11,16.4998,0
2024-11-09 06:54:00+00:00,3034.12,3034.52,3033.6,3034.31,19.0986,0
2024-11-09 06:55:00+00:00,3034.31,3038.07,3034.31,3036.76,39.3874,0
2024-11-09 06:56:00+00:00,3036.77,3041.83,3036.76,3041.82,52.6274,0
2024-11-09 06:57:00+00:00,3041.83,3041.83,3039.05,3039.06,59.3754,0
2024-11-09 06:58:00+00:00,3039.07,3039.07,3037.14,3037.14,36.6159,0
2024-11-09 06:59:00+00:00,3037.15,3037.15,3036.21,3036.22,12.2331,0
2024-11-09 07:00:00+00:00,3036.22,3037.15,3036.04,3036.82,143.961,0
2024-11-09 07:01:00+00:00,3036.81,3036.81,3035.41,3035.71,97.5968,0
2024-11-09 07:02:00+00:00,3035.71,3036.75,3035.7,3035.86,22.5047,0
2024-11-09 07:03:00+00:00,3035.7,3035.71,3032.25,3032.26,129.5207,0
2024-11-09 07:04:00+00:00,3032.26,3036.95,3032.25,3035.75,146.0514,0
2024-11-09 07:05:00+00:00,3035.7,3035.7,3033.44,3034.53,90.3054,0
2024-11-09 07:06:00+00:00,3034.49,3035.06,3034.01,3035.06,48.6108,0
2024-11-09 07:07:00+00:00,3035.05,3035.05,3030.72,3030.77,132.0558,0
2024-11-09 07:08:00+00:00,3030.77,3030.77,3029.47,3029.51,19.5397,0
2024-11-09 07:09:00+00:00,3029.52,3032.08,3029.52,3031.25,111.8611,0
2024-11-09 07:10:00+00:00,3031.25,3031.25,3031.06,3031.07,6.6792,0
2024-11-09 07:11:00+00:00,3031.07,3031.07,3029.48,3029.48,18.5656,0
2024-11-09 07:12:00+00:00,3029.48,3029.84,3028.11,3029.52,118.2829,0
2024-11-09 07:13:00+00:00,3029.52,3033.6,3029.52,3033.6,121.522,0
2024-11-09 07:14:00+00:00,3033.6,3035.42,3033.6,3033.6,83.9962,0
2024-11-09 07:15:00+00:00,3033.6,3036.3,3032.32,3036.3,135.5801,0
2024-11-09 07:16:00+00:00,3036.3,3036.84,3035.58,3036.84,129.7075,0
2024-11-09 07:17:00+00:00,3036.96,3039.66,3036.96,3039.66,74.7878,0
2024-11-09 07:18:00+00:00,3039.88,3041.81,3039.69,3039.69,121.1339,0
2024-11-09 07:19:00+00:00,3039.6,3040.91,3038.2,3038.95,147.0228,0
2024-11-09 07:20:00+00:00,3038.95,3038.95,3034.75,3034.76,101.7058,0
2024-11-09 07:21:00+00:00,3034.76,3034.76,3032.63,3033.07,123.004,0
2024-11-09 07:22:00+00:00,3033.04,3033.05,3032.43,3032.44,25.2831,0
2024-11-09 07:23:00+00:00,3032.43,3032.7,3031.83,3032.7,51.2438,0
2024-11-09 07:24:00+00:00,3032.69,3032.71,3031.14,3031.15,54.1816,0
2024-11-09 07:25:00+00:00,3031.15,3031.68,3030.48,3030.8,53.3463,0
2024-11-09 07:26:00+00:00,3030.66,3030.66,3027.6,3027.9,90.3042,0
2024-11-09 07:27:00+00:00,3027.89,3027.9,3027.89,3027.89,3.9443,0
2024-11-09 07:28:00+00:00,3027.89,3030.81,3027.5,3030.81,154.0576,0
2024-11-09 07:29:00+00:00,3030.81,3030.81,3029.54,3029.55,26.1526,0
2024-11-09 07:30:00+00:00,3029.55,3030.31,3028.1,3028.11,48.0447,0
2024-11-09 07:31:00+00:00,3028.11,3029.67,3028.11,3029.67,15.0482,0
2024-11-09 07:32:00+00:00,3030.06,3031.88,3030.06,3031.88,27.0922,0
2024-11-09 07:33:00+00:00,3031.88,3032.02,3030.15,3030.57,9.8299,0
2024-11-09 07:34:00+00:00,3030.57,3032.25,3030.57,3030.6,29.1382,0
2024-11-09 07:35:00+00:00,3030.6,3030.6,3027.58,3028.15,45.3281,0
2024-11-09 07:36:00+00:00,3028.37,3029.4,3028.37,3028.96,45.8328,0
2024-11-09 07:37:00+00:00,3028.77,3028.77,3028.05,3028.57,22.4937,0
2024-11-09 07:38:00+00:00,3028.56,3028.8,3028.19,3028.8,32.3051,0
2024-11-09 07:39:00+00:00,3028.8,3028.8,3028.57,3028.58,3.0447,0
2024-11-09 07:40:00+00:00,3028.58,3028.58,3027.1,3027.1,36.3369,0
2024-11-09 07:41:00+00:00,3027.1,3027.1,3025.37,3025.41,49.2664,0
2024-11-09 07:42:00+00:00,3025.71,3026.58,3024.89,3024.9,50.8728,0
2024-11-09 07:43:00+00:00,3024.9,3024.9,3024.18,3024.19,22.2687,0
2024-11-09 07:44:00+00:00,3024.18,3024.19,3023.72,3024.09,10.7991,0
2024-11-09 07:45:00+00:00,3024.1,3027.04,3023.84,3023.85,98.2921,0
2024-11-09 07:46:00+00:00,3023.85,3024.45,3021.83,3024.45,61.9577,0
2024-11-09 07:47:00+00:00,3024.45,3025.94,3022.94,3023.27,88.7456,0
2024-11-09 07:48:00+00:00,3023.23,3023.86,3020.9,3023.86,97.7731,0
2024-11-09 07:49:00+00:00,3024.18,3025.95,3021.21,3021.21,118.6811,0
2024-11-09 07:50:00+00:00,3021.17,3021.62,3020.8,3021.18,116.4894,0
2024-11-09 07:51:00+00:00,3021.18,3023.36,3021.18,3023.36,106.277,0
2024-11-09 07:52:00+00:00,3023.41,3024.88,3023.17,3024.88,126.6959,0
2024-11-09 07:53:00+00:00,3024.88,3027.34,3024.11,3026.81,154.9077,0
2024-11-09 07:54:00+00:00,3026.82,3027.45,3026.82,3027.45,11.1942,0
2024-11-09 07:55:00+00:00,3027.45,3029.4,3027.44,3029.4,56.1237,0
2024-11-09 07:56:00+00:00,3029.4,3029.6,3028.47,3029.6,67.6116,0
2024-11-09 07:57:00+00:00,3029.6,3030.3,3028.85,3030.3,130.4718,0
2024-11-09 07:58:00+00:00,3030.3,3031.43,3030.3,3031.42,42.6094,0
2024-11-09 07:59:00+00:00,3031.43,3031.45,3030.31,3030.32,29.3232,0
2024-11-09 08:00:00+00:00,3030.32,3032.29,3030.32,3031.65,134.2783,0
2024-11-09 08:01:00+00:00,3031.65,3033.03,3031.54,3033.02,77.2247,0
2024-11-09 08:02:00+00:00,3033.03,3033.93,3029.71,3029.71,35.812,0
2024-11-09 08:03:00+00:00,3029.41,3030.89,3028.1,3030.89,82.5045,0
2024-11-09 08:04:00+00:00,3030.88,3032.69,3028.61,3029.04,57.9873,0
2024-11-09 08:05:00+00:00,3029.0,3029.0,3024.03,3024.83,80.8237,0
2024-11-09 08:06:00+00:00,3024.83,3025.71,3024.23,3024.3,100.5532,0
2024-11-09 08:07:00+00:00,3024.29,3024.29,3022.43,3022.71,33.0998,0
2024-11-09 08:08:00+00:00,3022.45,3022.7,3022.04,3022.05,34.0479,0
2024-11-09 08:09:00+00:00,3022.05,3023.1,3021.54,3021.55,79.4326,0
2024-11-09 08:10:00+00:00,3021.56,3022.89,3021.19,3022.88,116.7879,0
2024-11-09 08:11:00+00:00,3022.89,3027.02,3022.89,3026.35,109.4897,0
2024-11-09 08:12:00+00:00,3026.34,3026.34,3024.9,3025.08,25.99,0
2024-11-09 08:13:00+00:00,3025.08,3025.66,3024.45,3025.24,49.5609,0
2024-11-09 08:14:00+00:00,3025.14,3026.58,3025.08,3026.58,11.0971,0
2024-11-09 08:15:00+00:00,3026.58,3030.29,3026.58,3030.06,67.4794,0
2024-11-09 08:16:00+00:00,3029.76,3031.15,3029.76,3031.15,37.9312,0
2024-11-09 08:17:00+00:00,3031.14,3031.72,3029.69,3029.69,41.1766,0
2024-11-09 08:18:00+00:00,3029.69,3029.69,3027.94,3028.35,73.2689,0
2024-11-09 08:19:00+00:00,3028.34,3031.06,3028.34,3029.61,54.9235,0
2024-11-09 08:20:00+00:00,3029.62,3030.47,3029.62,3030.39,13.6861,0
2024-11-09 08:21:00+00:00,3030.39,3030.4,3030.04,3030.04,12.6388,0
2024-11-09 08:22:00+00:00,3029.75,3029.75,3027.9,3028.06,55.2073,0
2024-11-09 08:23:00+00:00,3028.06,3028.68,3027.82,3028.26,77.8778,0
2024-11-09 08:24:00+00:00,3028.31,3029.23,3028.26,3029.11,41.458,0
2024-11-09 08:25:00+00:00,3029.11,3029.13,3028.49,3029.05,36.2642,0
2024-11-09 08:26:00+00:00,3028.91,3030.52,3027.59,3027.59,70.1642,0
2024-11-09 08:27:00+00:00,3027.59,3028.69,3026.02,3026.54,64.6904,0
2024-11-09 08:28:00+00:00,3026.55,3028.05,3026.33,3027.25,23.6633,0
2024-11-09 08:29:00+00:00,3027.26,3028.35,3026.4,3027.29,75.1083,0
2024-11-09 08:30:00+00:00,3027.16,3027.5,3025.61,3025.62,46.5103,0
2024-11-09 08:31:00+00:00,3025.62,3027.71,3025.62,3026.82,21.972,0
2024-11-09 08:32:00+00:00,3026.82,3028.38,3026.79,3028.38,35.5013,0
2024-11-09 08:33:00+00:00,3028.37,3028.37,3026.85,3027.41,56.6643,0
2024-11-09 08:34:00+00:00,3027.42,3029.83,3027.42,3029.83,16.5133,0
2024-11-09 08:35:00+00:00,3029.83,3030.7,3029.83,3030.18,24.6198,0
2024-11-09 08:36:00+00:00,3030.18,3030.19,3028.38,3028.38,43.2484,0
2024-11-09 08:37:00+00:00,3028.04,3028.05,3026.28,3026.28,13.3779,0
2024-11-09 08:38:00+00:00,3026.28,3026.9,3026.27,3026.4,16.3215,0
2024-11-09 08:39:00+00:00,3026.28,3026.28,3025.02,3026.23,16.2138,0
2024-11-09 08:40:00+00:00,3026.23,3026.66,3026.07,3026.15,46.1926,0
2024-11-09 08:41:00+00:00,3026.45,3026.46,3024.86,3025.05,18.9771,0
2024-11-09 08:42:00+00:00,3025.05,3026.61,3024.62,3025.64,36.8657,0
2024-11-09 08:43:00+00:00,3025.6,3026.77,3025.13,3026.77,21.9571,0
2024-11-09 08:44:00+00:00,3026.76,3027.76,3026.19,3027.76,67.4426,0
2024-11-09 08:45:00+00:00,3027.76,3030.58,3027.75,3030.58,57.7219,0
2024-11-09 08:46:00+00:00,3030.58,3032.54,3030.58,3031.99,80.5027,0
2024-11-09 08:47:00+00:00,3032.0,3034.24,3031.99,3032.08,64.3656,0
2024-11-09 08:48:00+00:00,3032.08,3032.09,3029.24,3029.24,29.2483,0
2024-11-09 08:49:00+00:00,3029.25,3029.87,3025.62,3025.62,57.6384,0
2024-11-09 08:50:00+00:00,3025.62,3025.63,3022.59,3023.04,64.5221,0
2024-11-09 08:51:00+00:00,3023.05,3027.23,3023.04,3026.98,114.653,0
2024-11-09 08:52:00+00:00,3026.99,3027.25,3025.2,3025.9,63.4806,0
2024-11-09 08:53:00+00:00,3025.91,3027.91,3025.91,3027.31,43.2381,0
2024-11-09 08:54:00+00:00,3027.4,3027.4,3026.24,3026.93,13.6094,0
2024-11-09 08:55:00+00:00,3026.93,3028.11,3026.37,3028.11,98.0415,0
2024-11-09 08:56:00+00:00,3028.21,3028.25,3024.76,3025.18,142.0746,0
2024-11-09 08:57:00+00:00,3025.18,3025.32,3024.6,3025.2,42.1146,0
2024-11-09 08:58:00+00:00,3025.19,3025.2,3024.37,3024.37,13.5443,0
2024-11-09 08:59:00+00:00,3024.38,3025.2,3024.38,3025.2,20.1965,0
2024-11-09 09:00:00+00:00,3025.2,3027.71,3025.2,3027.11,103.8335,0
2024-11-09 09:01:00+00:00,3027.11,3029.42,3027.11,3029.3,59.6263,0
2024-11-09 09:02:00+00:00,3029.3,3030.19,3029.3,3029.54,37.4407,0
2024-11-09 09:03:00+00:00,3029.53,3029.53,3026.68,3026.68,77.6303,0
2024-11-09 09:04:00+00:00,3026.67,3027.42,3026.67,3027.42,46.2495,0
2024-11-09 09:05:00+00:00,3027.43,3028.17,3026.88,3028.17,45.9247,0
2024-11-09 09:06:00+00:00,3028.18,3030.9,3028.18,3029.56,112.2341,0
2024-11-09 09:07:00+00:00,3029.56,3030.81,3029.56,3030.81,57.0817,0
2024-11-09 09:08:00+00:00,3030.81,3032.09,3030.81,3031.92,57.2751,0
2024-11-09 09:09:00+00:00,3032.03,3032.9,3030.9,3032.9,59.5544,0
2024-11-09 09:10:00+00:00,3032.53,3033.23,3031.1,3033.22,66.1749,0
2024-11-09 09:11:00+00:00,3033.22,3035.12,3033.22,3035.12,50.741,0
2024-11-09 09:12:00+00:00,3035.26,3038.46,3035.26,3038.46,40.6547,0
2024-11-09 09:13:00+00:00,3038.46,3038.46,3037.02,3037.02,68.968,0
2024-11-09 09:14:00+00:00,3036.93,3036.93,3035.45,3035.79,70.1857,0
2024-11-09 09:15:00+00:00,3035.8,3038.55,3035.8,3037.4,44.0407,0
2024-11-09 09:16:00+00:00,3037.4,3038.08,3035.85,3037.27,124.5348,0
2024-11-09 09:17:00+00:00,3037.28,3037.4,3032.86,3033.23,69.1721,0
2024-11-09 09:18:00+00:00,3033.22,3034.09,3032.56,3033.55,51.9221,0
2024-11-09 09:19:00+00:00,3033.56,3036.96,3033.0,3036.96,67.12,0
2024-11-09 09:20:00+00:00,3036.96,3047.14,3036.82,3044.88,420.7632,0
2024-11-09 09:21:00+00:00,3044.64,3046.45,3043.01,3046.45,180.3534,0
2024-11-09 09:22:00+00:00,3046.3,3046.3,3041.95,3042.83,135.7941,0
2024-11-09 09:23:00+00:00,3042.82,3042.82,3038.61,3042.25,112.1046,0
2024-11-09 09:24:00+00:00,3042.11,3042.11,3038.78,3039.48,62.9874,0
2024-11-09 09:25:00+00:00,3039.49,3043.39,3039.49,3042.9,73.405,0
2024-11-09 09:26:00+00:00,3042.9,3043.05,3040.77,3040.96,114.9262,0
2024-11-09 09:27:00+00:00,3040.96,3042.46,3040.77,3042.13,21.4864,0
2024-11-09 09:28:00+00:00,3042.13,3042.54,3042.12,3042.52,5.3443,0
2024-11-09 09:29:00+00:00,3042.53,3043.35,3042.52,3043.34,10.8714,0
2024-11-09 09:30:00+00:00,3043.35,3045.87,3043.35,3045.86,20.9971,0
2024-11-09 09:31:00+00:00,3045.86,3045.86,3043.43,3043.43,28.3696,0
2024-11-09 09:32:00+00:00,3043.58,3043.94,3042.61,3042.87,32.3666,0
2024-11-09 09:33:00+00:00,3042.87,3043.38,3042.17,3043.36,40.5672,0
2024-11-09 09:34:00+00:00,3043.15,3043.15,3040.55,3041.1,75.7094,0
2024-11-09 09:35:00+00:00,3041.1,3041.83,3040.04,3040.21,49.9074,0
2024-11-09 09:36:00+00:00,3040.21,3042.37,3040.21,3041.95,52.7984,0
2024-11-09 09:37:00+00:00,3041.95,3043.26,3041.75,3041.75,64.2767,0
2024-11-09 09:38:00+00:00,3041.74,3041.74,3036.79,3036.79,54.2033,0
2024-11-09 09:39:00+00:00,3036.79,3040.21,3036.79,3038.91,50.5811,0
2024-11-09 09:40:00+00:00,3038.91,3042.92,3038.91,3042.92,96.8249,0
2024-11-09 09:41:00+00:00,3042.52,3042.52,3039.87,3039.87,35.1473,0
2024-11-09 09:42:00+00:00,3039.56,3039.56,3037.24,3038.01,59.7978,0
2024-11-09 09:43:00+00:00,3038.01,3038.78,3037.95,3038.21,33.4753,0
2024-11-09 09:44:00+00:00,3038.21,3040.22,3038.21,3039.76,35.8318,0
2024-11-09 09:45:00+00:00,3039.77,3040.2,3039.34,3039.85,9.2951,0
2024-11-09 09:46:00+00:00,3039.85,3039.85,3039.25,3039.25,17.7603,0
2024-11-09 09:47:00+00:00,3039.26,3040.7,3039.26,3040.3,47.1193,0
2024-11-09 09:48:00+00:00,3040.22,3041.87,3040.22,3041.8,41.8831,0
2024-11-09 09:49:00+00:00,3042.17,3044.76,3042.17,3044.7,97.721,0
2024-11-09 09:50:00+00:00,3044.59,3044.59,3042.21,3043.81,77.8349,0
2024-11-09 09:51:00+00:00,3043.8,3043.8,3042.46,3042.59,40.969,0
2024-11-09 09:52:00+00:00,3042.6,3042.6,3042.45,3042.46,6.8043,0
2024-11-09 09:53:00+00:00,3042.53,3045.17,3042.53,3044.44,252.4802,0
2024-11-09 09:54:00+00:00,3044.53,3046.0,3044.52,3045.99,17.5758,0
2024-11-09 09:55:00+00:00,3045.99,3046.0,3045.59,3046.0,13.6558,0
2024-11-09 09:56:00+00:00,3046.0,3048.16,3046.0,3048.13,69.2842,0
2024-11-09 09:57:00+00:00,3048.13,3048.17,3045.3,3046.31,56.9967,0
2024-11-09 09:58:00+00:00,3046.3,3048.04,3045.7,3045.7,55.9346,0
2024-11-09 09:59:00+00:00,3045.71,3045.83,3045.59,3045.59,51.1421,0
2024-11-09 10:00:00+00:00,3045.6,3047.1,3043.62,3043.62,58.828,0
2024-11-09 10:01:00+00:00,3043.61,3044.94,3043.39,3044.94,21.8847,0
2024-11-09 10:02:00+00:00,3044.93,3048.16,3044.93,3046.98,88.6857,0
2024-11-09 10:03:00+00:00,3046.33,3047.44,3046.33,3047.09,26.5902,0
2024-11-09 10:04:00+00:00,3047.09,3048.88,3047.09,3047.92,32.6567,0
2024-11-09 10:05:00+00:00,3047.92,3047.93,3045.47,3047.55,92.8147,0
2024-11-09 10:06:00+00:00,3047.36,3047.57,3046.98,3047.57,25.4185,0
2024-11-09 10:07:00+00:00,3047.56,3047.85,3046.21,3046.79,22.3321,0
2024-11-09 10:08:00+00:00,3046.79,3048.89,3046.0,3048.65,73.3766,0
2024-11-09 10:09:00+00:00,3048.65,3051.0,3048.64,3051.0,43.4665,0
2024-11-09 10:10:00+00:00,3051.15,3052.6,3050.68,3052.59,35.2926,0
2024-11-09 10:11:00+00:00,3052.59,3052.87,3051.94,3052.21,47.4568,0
2024-11-09 10:12:00+00:00,3052.21,3052.21,3051.15,3052.02,55.5594,0
2024-11-09 10:13:00+00:00,3051.76,3052.22,3051.43,3052.22,14.7831,0
2024-11-09 10:14:00+00:00,3052.22,3052.23,3051.86,3052.23,19.4527,0
2024-11-09 10:15:00+00:00,3052.22,3054.63,3048.35,3050.06,95.9436,0
2024-11-09 10:16:00+00:00,3050.07,3050.24,3045.39,3046.96,60.2906,0
2024-11-09 10:17:00+00:00,3046.96,3049.2,3045.49,3049.2,37.6155,0
2024-11-09 10:18:00+00:00,3049.22,3051.3,3048.47,3048.68,35.4787,0
2024-11-09 10:19:00+00:00,3048.67,3050.16,3047.41,3050.06,48.6506,0
2024-11-09 10:20:00+00:00,3050.42,3050.77,3043.84,3045.4,261.1698,0
2024-11-09 10:21:00+00:00,3045.28,3055.54,3045.28,3055.12,192.2807,0
2024-11-09 10:22:00+00:00,3055.12,3055.43,3052.8,3054.18,67.8311,0
2024-11-09 10:23:00+00:00,3054.18,3054.51,3051.91,3051.91,52.818,0
2024-11-09 10:24:00+00:00,3051.9,3051.9,3050.53,3050.54,39.4691,0
2024-11-09 10:25:00+00:00,3050.54,3050.99,3048.99,3048.99,58.2155,0
2024-11-09 10:26:00+00:00,3048.86,3048.86,3045.7,3045.7,44.5206,0
2024-11-09 10:27:00+00:00,3045.64,3046.97,3045.46,3046.67,60.9714,0
2024-11-09 10:28:00+00:00,3046.66,3048.69,3046.66,3048.69,53.4208,0
2024-11-09 10:29:00+00:00,3048.69,3050.17,3047.65,3048.24,70.9729,0
2024-11-09 10:30:00+00:00,3048.4,3048.73,3046.01,3046.01,22.2662,0
2024-11-09 10:31:00+00:00,3046.02,3046.66,3042.62,3043.19,86.1811,0
2024-11-09 10:32:00+00:00,3043.25,3045.05,3043.24,3044.04,51.12962401,0
2024-11-09 10:33:00+00:00,3044.05,3045.13,3044.05,3044.62,71.1051,0
2024-11-09 10:34:00+00:00,3044.85,3045.12,3044.04,3044.04,63.9665,0
2024-11-09 10:35:00+00:00,3044.05,3044.05,3040.78,3042.47,101.40544558,0
2024-11-09 10:36:00+00:00,3042.46,3044.56,3041.09,3044.56,154.8412,0
2024-11-09 10:37:00+00:00,3044.56,3045.59,3044.56,3045.4,39.8907,0
2024-11-09 10:38:00+00:00,3045.4,3046.84,3044.73,3044.73,61.9702,0
2024-11-09 10:39:00+00:00,3044.69,3045.3,3043.22,3043.57,43.3059,0
2024-11-09 10:40:00+00:00,3043.93,3044.65,3042.58,3042.58,39.1441,0
2024-11-09 10:41:00+00:00,3042.58,3042.58,3042.35,3042.35,1.8534,0
2024-11-09 10:42:00+00:00,3042.19,3043.22,3042.13,3042.78,63.640689,0
2024-11-09 10:43:00+00:00,3042.79,3043.65,3042.38,3043.62,57.7687,0
2024-11-09 10:44:00+00:00,3043.62,3043.8,3042.44,3043.35,48.6417,0
2024-11-09 10:45:00+00:00,3043.35,3043.35,3042.01,3042.5,33.7982,0
2024-11-09 10:46:00+00:00,3042.96,3043.55,3041.55,3042.17,76.7388,0
2024-11-09 10:47:00+00:00,3042.17,3042.28,3041.39,3041.7,5.625,0
2024-11-09 10:48:00+00:00,3041.71,3042.16,3041.61,3042.16,7.5619,0
2024-11-09 10:49:00+00:00,3042.36,3043.39,3042.36,3043.39,19.8274,0
2024-11-09 10:50:00+00:00,3043.39,3044.21,3040.41,3040.8,126.6233,0
2024-11-09 10:51:00+00:00,3040.77,3043.87,3040.16,3043.87,45.1114,0
2024-11-09 10:52:00+00:00,3043.88,3048.7,3043.88,3048.7,49.6646,0
2024-11-09 10:53:00+00:00,3048.71,3052.99,3048.71,3050.31,96.3757,0
2024-11-09 10:54:00+00:00,3050.06,3050.06,3048.78,3048.78,13.448,0
2024-11-09 10:55:00+00:00,3048.23,3049.91,3048.23,3049.91,33.6143,0
2024-11-09 10:56:00+00:00,3049.91,3051.39,3049.91,3050.54,35.9844,0
2024-11-09 10:57:00+00:00,3050.54,3050.66,3050.05,3050.65,30.6418,0
2024-11-09 10:58:00+00:00,3050.65,3052.04,3050.65,3051.38,42.8915,0
2024-11-09 10:59:00+00:00,3051.2,3051.2,3048.65,3048.65,32.1327,0
2024-11-09 11:00:00+00:00,3048.65,3051.35,3048.65,3051.35,58.495,0
2024-11-09 11:01:00+00:00,3051.36,3052.19,3049.58,3049.58,58.4259,0
2024-11-09 11:02:00+00:00,3049.44,3050.92,3049.18,3050.11,63.0939,0
2024-11-09 11:03:00+00:00,3050.11,3053.0,3050.11,3053.0,48.96899195,0
2024-11-09 11:04:00+00:00,3053.0,3053.68,3051.8,3053.68,63.6752,0
2024-11-09 11:05:00+00:00,3053.68,3054.18,3051.81,3052.44,70.9385,0
2024-11-09 11:06:00+00:00,3052.64,3054.03,3052.2,3054.03,31.154,0
2024-11-09 11:07:00+00:00,3054.04,3054.32,3053.53,3054.32,14.6736,0
2024-11-09 11:08:00+00:00,3054.32,3054.44,3053.8,3054.08,30.2051,0
2024-11-09 11:09:00+00:00,3054.22,3054.44,3052.47,3052.48,44.5431,0
2024-11-09 11:10:00+00:00,3052.48,3052.64,3049.47,3049.47,20.6081,0
2024-11-09 11:11:00+00:00,3049.47,3050.93,3049.37,3049.37,64.9045,0
2024-11-09 11:12:00+00:00,3049.37,3049.38,3048.94,3048.95,8.83642275,0
2024-11-09 11:13:00+00:00,3048.95,3049.54,3048.95,3049.39,15.4178,0
2024-11-09 11:14:00+00:00,3049.4,3051.48,3049.39,3050.32,21.897,0
2024-11-09 11:15:00+00:00,3050.32,3050.32,3049.09,3049.1,29.7032,0
2024-11-09 11:16:00+00:00,3049.01,3051.48,3049.01,3049.65,60.8652,0
2024-11-09 11:17:00+00:00,3049.65,3049.94,3049.1,3049.87,28.8601,0
2024-11-09 11:18:00+00:00,3049.86,3053.95,3049.36,3053.95,56.4168,0
2024-11-09 11:19:00+00:00,3053.95,3054.71,3051.7,3051.7,38.7282,0
2024-11-09 11:20:00+00:00,3051.7,3052.97,3050.98,3052.25,22.3346,0
2024-11-09 11:21:00+00:00,3052.25,3053.4,3051.0,3051.0,40.12,0
2024-11-09 11:22:00+00:00,3050.99,3051.31,3050.22,3051.31,33.0093,0
2024-11-09 11:23:00+00:00,3051.31,3054.0,3051.31,3052.01,97.6055,0
2024-11-09 11:24:00+00:00,3052.01,3052.71,3052.01,3052.3,40.5645,0
2024-11-09 11:25:00+00:00,3052.21,3052.94,3050.72,3050.97,80.5359,0
2024-11-09 11:26:00+00:00,3050.72,3050.97,3048.15,3048.15,68.2487,0
2024-11-09 11:27:00+00:00,3047.78,3048.93,3047.78,3048.32,40.6937,0
2024-11-09 11:28:00+00:00,3048.32,3048.33,3045.56,3046.77,46.8835,0
2024-11-09 11:29:00+00:00,3046.76,3046.76,3044.81,3044.89,56.1845,0
2024-11-09 11:30:00+00:00,3044.9,3047.03,3044.89,3046.29,32.9213,0
2024-11-09 11:31:00+00:00,3046.29,3047.99,3046.29,3047.59,35.2243,0
2024-11-09 11:32:00+00:00,3047.85,3047.85,3046.06,3046.14,26.8143,0
2024-11-09 11:33:00+00:00,3046.15,3047.59,3046.14,3047.59,28.6903,0
2024-11-09 11:34:00+00:00,3047.76,3049.11,3047.76,3048.04,27.357,0
2024-11-09 11:35:00+00:00,3047.74,3049.27,3047.74,3048.22,30.8366,0
2024-11-09 11:36:00+00:00,3048.22,3049.0,3046.45,3047.93,42.5232,0
2024-11-09 11:37:00+00:00,3048.04,3048.97,3048.04,3048.84,18.3514,0
2024-11-09 11:38:00+00:00,3048.84,3050.71,3048.84,3050.7,42.36435579,0
2024-11-09 11:39:00+00:00,3050.71,3050.71,3049.99,3049.99,12.1575,0
2024-11-09 11:40:00+00:00,3049.99,3050.68,3047.98,3047.98,94.1766,0
2024-11-09 11:41:00+00:00,3048.15,3048.63,3047.92,3048.63,43.8457,0
2024-11-09 11:42:00+00:00,3048.63,3048.93,3047.96,3047.96,21.8771,0
2024-11-09 11:43:00+00:00,3047.96,3048.17,3046.59,3048.17,50.4289,0
2024-11-09 11:44:00+00:00,3048.28,3050.22,3048.27,3050.22,33.6988,0
2024-11-09 11:45:00+00:00,3050.26,3053.18,3050.22,3052.29,108.0877,0
2024-11-09 11:46:00+00:00,3052.3,3052.69,3051.39,3052.69,82.5231,0
2024-11-09 11:47:00+00:00,3052.69,3054.05,3052.06,3054.05,36.2929,0
2024-11-09 11:48:00+00:00,3054.44,3054.46,3052.92,3053.89,27.1819,0
2024-11-09 11:49:00+00:00,3053.72,3053.72,3052.59,3052.59,25.0835,0
2024-11-09 11:50:00+00:00,3052.58,3052.88,3050.53,3050.54,43.9128,0
2024-11-09 11:51:00+00:00,3050.54,3051.79,3049.38,3051.7,104.4983,0
2024-11-09 11:52:00+00:00,3051.71,3053.7,3051.71,3053.17,85.1477,0
2024-11-09 11:53:00+00:00,3053.51,3053.51,3049.82,3053.36,296.1396,0
2024-11-09 11:54:00+00:00,3053.38,3053.88,3052.96,3053.67,52.7644,0
2024-11-09 11:55:00+00:00,3053.67,3053.67,3052.76,3053.28,81.8776,0
2024-11-09 11:56:00+00:00,3053.26,3053.57,3051.75,3051.75,55.295,0
2024-11-09 11:57:00+00:00,3051.74,3051.75,3051.29,3051.55,46.8751,0
2024-11-09 11:58:00+00:00,3051.74,3051.83,3051.29,3051.29,15.8961,0
2024-11-09 11:59:00+00:00,3051.3,3052.72,3051.29,3051.8,41.8473,0
2024-11-09 12:00:00+00:00,3051.79,3054.01,3051.46,3053.76,144.36223601,0
2024-11-09 12:01:00+00:00,3053.77,3054.01,3053.53,3053.76,51.8262,0
2024-11-09 12:02:00+00:00,3053.71,3053.71,3051.02,3051.02,60.534,0
2024-11-09 12:03:00+00:00,3051.01,3051.5,3050.58,3050.58,39.1813,0
2024-11-09 12:04:00+00:00,3050.57,3050.68,3049.0,3050.02,63.0458,0
2024-11-09 12:05:00+00:00,3050.01,3050.02,3048.72,3049.51,92.0194,0
2024-11-09 12:06:00+00:00,3049.51,3050.43,3046.92,3046.92,51.274,0
2024-11-09 12:07:00+00:00,3046.93,3047.74,3045.54,3045.54,53.4778,0
2024-11-09 12:08:00+00:00,3045.55,3046.81,3043.84,3044.12,71.3801,0
2024-11-09 12:09:00+00:00,3044.12,3045.9,3041.43,3041.81,129.637,0
2024-11-09 12:10:00+00:00,3041.82,3043.58,3041.82,3043.08,99.2296,0
2024-11-09 12:11:00+00:00,3043.09,3043.09,3042.35,3042.54,33.4204,0
2024-11-09 12:12:00+00:00,3042.54,3043.2,3042.16,3042.17,99.5798,0
2024-11-09 12:13:00+00:00,3042.16,3042.16,3040.43,3041.03,84.2598,0
2024-11-09 12:14:00+00:00,3041.02,3041.02,3039.39,3040.11,40.963,0
2024-11-09 12:15:00+00:00,3040.11,3040.35,3038.1,3038.56,161.706,0
2024-11-09 12:16:00+00:00,3038.56,3039.1,3037.98,3037.98,44.8122,0
2024-11-09 12:17:00+00:00,3037.97,3038.09,3036.19,3036.19,73.2641,0
2024-11-09 12:18:00+00:00,3036.16,3036.59,3033.49,3033.75,103.8133,0
2024-11-09 12:19:00+00:00,3033.75,3036.55,3033.39,3036.31,217.253,0
2024-11-09 12:20:00+00:00,3036.31,3041.44,3036.31,3041.43,273.9984,0
2024-11-09 12:21:00+00:00,3041.44,3041.44,3039.89,3039.89,59.1451,0
2024-11-09 12:22:00+00:00,3039.7,3040.1,3036.18,3036.18,173.1354,0
2024-11-09 12:23:00+00:00,3036.17,3038.37,3035.76,3038.23,164.8109,0
2024-11-09 12:24:00+00:00,3038.22,3039.87,3038.22,3039.87,78.5487,0
2024-11-09 12:25:00+00:00,3039.87,3040.53,3039.17,3039.88,109.8677,0
2024-11-09 12:26:00+00:00,3039.92,3041.54,3037.97,3038.21,222.9398,0
2024-11-09 12:27:00+00:00,3038.22,3039.14,3038.13,3038.13,46.1964,0
2024-11-09 12:28:00+00:00,3038.14,3040.54,3038.14,3038.97,107.1567,0
2024-11-09 12:29:00+00:00,3038.98,3041.09,3038.98,3041.09,44.0419,0
2024-11-09 12:30:00+00:00,3041.08,3041.08,3037.18,3037.4,134.4063,0
2024-11-09 12:31:00+00:00,3037.4,3037.89,3035.75,3036.15,22.9323,0
2024-11-09 12:32:00+00:00,3036.15,3037.19,3036.15,3036.98,43.3351,0
2024-11-09 12:33:00+00:00,3036.98,3037.25,3036.98,3037.0,21.1907,0
2024-11-09 12:34:00+00:00,3037.0,3037.77,3036.3,3037.77,16.2004,0
2024-11-09 12:35:00+00:00,3037.76,3040.24,3037.03,3040.24,73.5076,0
2024-11-09 12:36:00+00:00,3040.25,3041.7,3038.67,3038.67,51.0896,0
2024-11-09 12:37:00+00:00,3038.67,3039.85,3038.39,3039.4,49.9702,0
2024-11-09 12:38:00+00:00,3039.24,3039.24,3037.94,3037.95,32.8425,0
2024-11-09 12:39:00+00:00,3037.95,3038.67,3037.52,3038.58,75.7118,0
2024-11-09 12:40:00+00:00,3038.45,3038.45,3038.44,3038.44,0.1047,0
2024-11-09 12:41:00+00:00,3038.44,3039.16,3038.25,3038.94,50.252,0
2024-11-09 12:42:00+00:00,3038.76,3038.76,3037.18,3037.25,26.3095,0
2024-11-09 12:43:00+00:00,3037.17,3037.43,3036.6,3037.13,66.9792,0
2024-11-09 12:44:00+00:00,3037.13,3038.4,3037.13,3037.85,21.5497,0
2024-11-09 12:45:00+00:00,3037.73,3039.9,3036.99,3038.3,88.7462,0
2024-11-09 12:46:00+00:00,3038.29,3039.77,3038.29,3039.44,27.1599,0
2024-11-09 12:47:00+00:00,3038.83,3038.83,3035.55,3035.55,31.086,0
2024-11-09 12:48:00+00:00,3035.55,3036.98,3035.29,3036.98,12.7154,0
2024-11-09 12:49:00+00:00,3036.98,3036.99,3035.8,3036.53,13.3095,0
2024-11-09 12:50:00+00:00,3036.52,3038.89,3036.52,3038.88,26.5708,0
2024-11-09 12:51:00+00:00,3038.88,3038.88,3035.99,3036.0,40.4304,0
2024-11-09 12:52:00+00:00,3036.0,3037.14,3035.37,3035.89,22.7604,0
2024-11-09 12:53:00+00:00,3036.18,3036.19,3033.73,3034.06,30.109,0
2024-11-09 12:54:00+00:00,3034.11,3035.0,3034.11,3035.0,15.7852,0
2024-11-09 12:55:00+00:00,3035.0,3035.21,3034.12,3034.12,17.0642,0
2024-11-09 12:56:00+00:00,3034.13,3034.13,3033.1,3033.1,21.3588,0
2024-11-09 12:57:00+00:00,3033.09,3033.11,3032.78,3033.03,33.6215,0
2024-11-09 12:58:00+00:00,3033.03,3033.03,3030.52,3033.01,67.3556,0
2024-11-09 12:59:00+00:00,3033.32,3034.62,3031.62,3031.62,38.2932,0
2024-11-09 13:00:00+00:00,3031.63,3032.71,3031.62,3032.71,74.6456,0
2024-11-09 13:01:00+00:00,3032.71,3033.3,3032.45,3033.29,12.7252,0
2024-11-09 13:02:00+00:00,3033.3,3035.03,3033.3,3035.02,34.1255,0
2024-11-09 13:03:00+00:00,3035.05,3037.06,3035.05,3036.58,71.4793,0
2024-11-09 13:04:00+00:00,3036.77,3037.96,3036.11,3036.32,52.6603,0
2024-11-09 13:05:00+00:00,3036.33,3037.57,3036.33,3037.57,101.115,0
2024-11-09 13:06:00+00:00,3037.56,3037.76,3037.56,3037.56,23.2535,0
2024-11-09 13:07:00+00:00,3037.56,3037.57,3036.9,3036.9,41.6653,0
2024-11-09 13:08:00+00:00,3036.91,3038.11,3036.9,3038.11,26.398,0
2024-11-09 13:09:00+00:00,3038.11,3038.11,3037.35,3037.35,17.0544,0
2024-11-09 13:10:00+00:00,3037.35,3037.58,3035.44,3035.44,44.5612,0
2024-11-09 13:11:00+00:00,3034.94,3035.55,3033.84,3034.67,68.6832,0
2024-11-09 13:12:00+00:00,3034.67,3035.46,3034.61,3035.46,38.2972,0
2024-11-09 13:13:00+00:00,3035.45,3035.45,3034.79,3035.29,34.1011,0
2024-11-09 13:14:00+00:00,3035.29,3036.46,3035.29,3035.8,40.6306,0
2024-11-09 13:15:00+00:00,3035.79,3036.62,3035.79,3036.62,13.2681,0
2024-11-09 13:16:00+00:00,3036.63,3037.49,3036.63,3037.49,22.9984,0
2024-11-09 13:17:00+00:00,3037.49,3037.49,3037.48,3037.48,4.6593,0
2024-11-09 13:18:00+00:00,3037.49,3037.64,3037.49,3037.63,10.4516,0
2024-11-09 13:19:00+00:00,3037.64,3037.64,3036.16,3036.16,20.9148,0
2024-11-09 13:20:00+00:00,3036.06,3036.06,3033.28,3033.28,22.9736,0
2024-11-09 13:21:00+00:00,3033.28,3036.93,3033.28,3035.94,106.7064,0
2024-11-09 13:22:00+00:00,3035.05,3036.71,3035.04,3036.71,11.8894,0
2024-11-09 13:23:00+00:00,3036.73,3037.1,3036.73,3037.1,4.1679,0
2024-11-09 13:24:00+00:00,3036.31,3036.51,3035.15,3035.15,18.6755,0
2024-11-09 13:25:00+00:00,3035.16,3036.61,3035.16,3036.61,18.4663,0
2024-11-09 13:26:00+00:00,3036.61,3038.38,3036.61,3038.37,18.1761,0
2024-11-09 13:27:00+00:00,3038.38,3038.89,3038.37,3038.89,19.4972,0
2024-11-09 13:28:00+00:00,3038.89,3038.89,3038.88,3038.89,20.0109,0
2024-11-09 13:29:00+00:00,3038.94,3041.29,3038.94,3041.17,40.5922,0
2024-11-09 13:30:00+00:00,3041.17,3041.4,3038.88,3038.98,45.5224,0
2024-11-09 13:31:00+00:00,3039.15,3040.37,3038.81,3038.81,9.9796,0
2024-11-09 13:32:00+00:00,3038.43,3039.41,3038.42,3039.37,20.6041,0
2024-11-09 13:33:00+00:00,3039.24,3041.7,3039.22,3041.7,39.8824,0
2024-11-09 13:34:00+00:00,3041.7,3041.72,3041.23,3041.63,14.2217,0
2024-11-09 13:35:00+00:00,3041.28,3041.28,3038.44,3039.1,31.4383,0
2024-11-09 13:36:00+00:00,3039.38,3040.03,3037.65,3040.03,117.78,0
2024-11-09 13:37:00+00:00,3040.03,3040.49,3040.03,3040.49,14.4971,0
2024-11-09 13:38:00+00:00,3040.49,3042.3,3040.49,3042.3,13.5117,0
2024-11-09 13:39:00+00:00,3042.37,3046.46,3042.37,3045.67,57.6884,0
2024-11-09 13:40:00+00:00,3045.68,3048.06,3045.68,3047.47,103.5861,0
2024-11-09 13:41:00+00:00,3047.47,3047.91,3045.07,3047.66,122.6531,0
2024-11-09 13:42:00+00:00,3047.66,3047.67,3045.83,3047.03,84.5662,0
2024-11-09 13:43:00+00:00,3047.03,3047.03,3045.83,3045.83,96.2828,0
2024-11-09 13:44:00+00:00,3045.84,3047.03,3045.83,3046.21,77.2217,0
2024-11-09 13:45:00+00:00,3046.49,3047.28,3046.3,3046.99,68.8226,0
2024-11-09 13:46:00+00:00,3047.17,3047.5,3045.37,3045.37,75.425,0
2024-11-09 13:47:00+00:00,3045.37,3048.06,3045.22,3048.06,111.4634,0
2024-11-09 13:48:00+00:00,3048.06,3048.6,3047.92,3048.6,3.1034,0
2024-11-09 13:49:00+00:00,3048.61,3050.67,3048.61,3050.67,40.196,0
2024-11-09 13:50:00+00:00,3050.73,3050.73,3048.98,3049.99,52.0614,0
2024-11-09 13:51:00+00:00,3050.0,3052.07,3049.99,3050.68,58.6121,0
2024-11-09 13:52:00+00:00,3050.68,3051.44,3050.56,3051.15,61.8227,0
2024-11-09 13:53:00+00:00,3051.0,3052.54,3050.58,3051.96,52.946,0
2024-11-09 13:54:00+00:00,3051.58,3052.03,3050.67,3051.91,37.0934,0
2024-11-09 13:55:00+00:00,3051.9,3051.91,3050.0,3050.88,96.6022,0
2024-11-09 13:56:00+00:00,3050.89,3050.89,3048.77,3048.77,66.1525,0
2024-11-09 13:57:00+00:00,3048.57,3048.72,3046.99,3046.99,147.0621,0
2024-11-09 13:58:00+00:00,3046.79,3046.79,3045.46,3045.46,82.403,0
2024-11-09 13:59:00+00:00,3045.47,3046.3,3045.46,3046.3,41.291,0
2024-11-09 14:00:00+00:00,3046.3,3046.61,3045.62,3045.64,72.009,0
2024-11-09 14:01:00+00:00,3045.53,3045.53,3044.01,3044.73,154.7878,0
2024-11-09 14:02:00+00:00,3045.03,3046.65,3045.03,3045.07,102.5439,0
2024-11-09 14:03:00+00:00,3045.07,3045.08,3044.6,3045.07,86.0351,0
2024-11-09 14:04:00+00:00,3045.08,3045.08,3042.88,3042.88,82.8447,0
2024-11-09 14:05:00+00:00,3042.61,3043.85,3040.77,3043.61,199.5408,0
2024-11-09 14:06:00+00:00,3043.53,3043.53,3041.04,3041.66,112.3449,0
2024-11-09 14:07:00+00:00,3041.65,3041.65,3039.6,3039.6,79.2892,0
2024-11-09 14:08:00+00:00,3039.6,3039.6,3038.19,3038.24,22.3064,0
2024-11-09 14:09:00+00:00,3038.24,3039.33,3038.02,3039.33,126.6018,0
2024-11-09 14:10:00+00:00,3039.33,3039.33,3038.21,3038.28,59.8515,0
2024-11-09 14:11:00+00:00,3038.28,3038.76,3038.28,3038.76,10.8687,0
2024-11-09 14:12:00+00:00,3038.76,3042.49,3038.76,3042.25,105.1687,0
2024-11-09 14:13:00+00:00,3042.25,3043.79,3041.66,3043.79,121.9435,0
2024-11-09 14:14:00+00:00,3043.91,3044.57,3043.38,3043.39,101.7034,0
2024-11-09 14:15:00+00:00,3043.39,3043.39,3040.68,3041.4,190.5321,0
2024-11-09 14:16:00+00:00,3041.54,3043.79,3041.52,3041.52,123.8551,0
2024-11-09 14:17:00+00:00,3041.24,3042.15,3040.36,3041.0,88.4409,0
2024-11-09 14:18:00+00:00,3041.01,3041.62,3041.01,3041.04,36.0463,0
2024-11-09 14:19:00+00:00,3041.04,3041.04,3039.35,3039.4,93.9687,0
2024-11-09 14:20:00+00:00,3038.85,3040.13,3038.52,3039.3,177.5148,0
2024-11-09 14:21:00+00:00,3039.31,3039.91,3038.99,3038.99,66.0858,0
2024-11-09 14:22:00+00:00,3039.09,3039.52,3038.01,3039.27,106.7087,0
2024-11-09 14:23:00+00:00,3039.38,3039.91,3038.57,3039.51,103.4075,0
2024-11-09 14:24:00+00:00,3039.76,3039.76,3039.16,3039.16,53.1276,0
2024-11-09 14:25:00+00:00,3039.01,3039.01,3036.3,3037.14,197.8021,0
2024-11-09 14:26:00+00:00,3037.33,3038.99,3037.33,3038.07,145.5066,0
2024-11-09 14:27:00+00:00,3038.14,3040.73,3038.14,3040.49,163.0516,0
2024-11-09 14:28:00+00:00,3040.5,3041.91,3040.5,3041.91,59.7912,0
2024-11-09 14:29:00+00:00,3041.62,3041.62,3040.03,3040.04,79.4394,0
2024-11-09 14:30:00+00:00,3040.03,3040.03,3038.29,3038.64,81.5596,0
2024-11-09 14:31:00+00:00,3038.63,3041.05,3037.19,3041.05,62.9496,0
2024-11-09 14:32:00+00:00,3041.04,3041.3,3038.98,3039.48,22.8736,0
2024-11-09 14:33:00+00:00,3039.47,3039.47,3036.67,3036.87,34.0813,0
2024-11-09 14:34:00+00:00,3036.87,3037.85,3036.75,3036.77,18.7128,0
2024-11-09 14:35:00+00:00,3036.76,3037.77,3035.74,3035.74,62.5969,0
2024-11-09 14:36:00+00:00,3035.75,3035.75,3035.54,3035.54,107.9492,0
2024-11-09 14:37:00+00:00,3035.55,3035.55,3035.38,3035.39,39.354,0
2024-11-09 14:38:00+00:00,3035.38,3035.38,3034.73,3034.73,9.4903,0
2024-11-09 14:39:00+00:00,3034.6,3034.6,3033.08,3033.83,53.1246,0
2024-11-09 14:40:00+00:00,3033.83,3035.43,3033.83,3035.42,23.4408,0
2024-11-09 14:41:00+00:00,3035.43,3036.05,3034.42,3034.42,57.7229,0
2024-11-09 14:42:00+00:00,3034.42,3034.6,3032.68,3032.68,66.3945,0
2024-11-09 14:43:00+00:00,3032.67,3032.85,3030.0,3030.1,77.0733,0
2024-11-09 14:44:00+00:00,3030.11,3031.65,3029.07,3029.08,70.7424,0
2024-11-09 14:45:00+00:00,3029.08,3032.11,3029.08,3032.11,66.8665,0
2024-11-09 14:46:00+00:00,3032.28,3033.91,3031.46,3033.91,105.382,0
2024-11-09 14:47:00+00:00,3033.91,3033.91,3031.41,3031.41,91.0454,0
2024-11-09 14:48:00+00:00,3031.29,3031.29,3029.06,3030.12,123.2335,0
2024-11-09 14:49:00+00:00,3030.11,3031.2,3029.26,3031.2,90.3524,0
2024-11-09 14:50:00+00:00,3031.19,3031.2,3029.67,3030.04,43.9804,0
2024-11-09 14:51:00+00:00,3030.04,3032.93,3030.03,3032.93,141.138,0
2024-11-09 14:52:00+00:00,3033.04,3034.27,3032.45,3034.27,124.9507,0
2024-11-09 14:53:00+00:00,3034.27,3036.05,3034.26,3036.04,23.678,0
2024-11-09 14:54:00+00:00,3036.14,3038.62,3036.14,3038.41,88.7907,0
2024-11-09 14:55:00+00:00,3038.41,3038.74,3037.43,3038.74,138.3168,0
2024-11-09 14:56:00+00:00,3038.73,3040.28,3038.73,3040.27,56.2859,0
2024-11-09 14:57:00+00:00,3040.28,3041.62,3040.09,3040.1,47.315,0
2024-11-09 14:58:00+00:00,3040.1,3041.76,3040.0,3041.76,54.5518,0
2024-11-09 14:59:00+00:00,3041.9,3041.91,3041.13,3041.13,17.7568,0
2024-11-09 15:00:00+00:00,3041.14,3041.14,3038.47,3038.7,79.5719,0
2024-11-09 15:01:00+00:00,3038.53,3038.53,3036.89,3036.96,30.3409,0
2024-11-09 15:02:00+00:00,3036.68,3036.68,3033.15,3033.62,5.1058,0
2024-11-09 15:03:00+00:00,3033.75,3035.45,3033.08,3035.45,7.7318,0
2024-11-09 15:04:00+00:00,3035.67,3035.67,3033.01,3033.01,13.3466,0
2024-11-09 15:05:00+00:00,3033.01,3035.64,3032.93,3034.48,59.2096,0
2024-11-09 15:06:00+00:00,3034.48,3035.19,3033.41,3035.18,80.2426,0
2024-11-09 15:07:00+00:00,3035.19,3036.49,3034.75,3035.52,52.3211,0
2024-11-09 15:08:00+00:00,3035.34,3035.34,3032.01,3034.69,88.1532,0
2024-11-09 15:09:00+00:00,3034.7,3035.96,3034.7,3035.96,39.0287,0
2024-11-09 15:10:00+00:00,3035.95,3035.95,3035.04,3035.66,29.3721,0
2024-11-09 15:11:00+00:00,3035.66,3035.66,3032.93,3033.46,82.1592,0
2024-11-09 15:12:00+00:00,3033.46,3034.35,3033.03,3033.75,92.898,0
2024-11-09 15:13:00+00:00,3033.41,3033.87,3031.79,3033.45,100.2716,0
2024-11-09 15:14:00+00:00,3033.61,3034.23,3033.25,3033.46,45.2475,0
2024-11-09 15:15:00+00:00,3033.47,3033.99,3033.33,3033.99,25.0929,0
2024-11-09 15:16:00+00:00,3033.99,3033.99,3032.68,3032.7,73.1222,0
2024-11-09 15:17:00+00:00,3032.7,3035.45,3032.7,3035.22,119.4821,0
2024-11-09 15:18:00+00:00,3035.21,3035.93,3035.21,3035.92,28.2128,0
2024-11-09 15:19:00+00:00,3035.71,3036.16,3034.61,3035.25,96.5569,0
2024-11-09 15:20:00+00:00,3035.28,3035.99,3034.95,3035.86,124.649,0
2024-11-09 15:21:00+00:00,3035.88,3037.26,3035.87,3037.26,40.961,0
2024-11-09 15:22:00+00:00,3037.28,3038.11,3035.9,3036.36,139.5273,0
2024-11-09 15:23:00+00:00,3036.37,3036.94,3035.29,3035.29,45.3826,0
2024-11-09 15:24:00+00:00,3034.99,3034.99,3034.15,3034.91,139.4245,0
2024-11-09 15:25:00+00:00,3034.96,3036.82,3034.61,3034.78,113.9181,0
2024-11-09 15:26:00+00:00,3034.79,3035.79,3034.79,3035.74,56.7107,0
2024-11-09 15:27:00+00:00,3035.74,3035.74,3035.68,3035.68,15.1521,0
2024-11-09 15:28:00+00:00,3035.74,3037.24,3035.74,3037.23,70.0356,0
2024-11-09 15:29:00+00:00,3037.23,3037.29,3037.23,3037.28,3.4714,0
2024-11-09 15:30:00+00:00,3037.29,3039.47,3037.28,3039.47,42.6282,0
2024-11-09 15:31:00+00:00,3039.48,3041.21,3039.48,3041.21,27.7659,0
2024-11-09 15:32:00+00:00,3041.35,3048.7,3041.35,3048.04,105.1228,0
2024-11-09 15:33:00+00:00,3047.99,3048.92,3046.71,3046.78,78.4112,0
2024-11-09 15:34:00+00:00,3046.54,3047.7,3045.02,3047.05,106.651,0
2024-11-09 15:35:00+00:00,3046.74,3046.74,3045.14,3045.61,94.1744,0
2024-11-09 15:36:00+00:00,3045.96,3048.34,3045.96,3047.4,55.0965,0
2024-11-09 15:37:00+00:00,3047.41,3047.41,3044.87,3044.87,67.5133,0
2024-11-09 15:38:00+00:00,3044.87,3044.87,3044.16,3044.16,20.874,0
2024-11-09 15:39:00+00:00,3043.91,3044.75,3043.72,3044.74,12.5852,0
2024-11-09 15:40:00+00:00,3044.65,3045.8,3044.03,3045.74,65.6794,0
2024-11-09 15:41:00+00:00,3045.13,3045.6,3044.91,3045.6,17.819,0
2024-11-09 15:42:00+00:00,3045.6,3045.82,3045.2,3045.82,8.0627,0
2024-11-09 15:43:00+00:00,3045.82,3047.92,3045.82,3046.88,27.743,0
2024-11-09 15:44:00+00:00,3046.48,3046.48,3043.18,3043.18,17.6299,0
2024-11-09 15:45:00+00:00,3043.18,3043.18,3039.92,3039.92,58.7426,0
2024-11-09 15:46:00+00:00,3039.92,3039.92,3037.7,3039.02,70.1106,0
2024-11-09 15:47:00+00:00,3039.1,3040.5,3038.33,3040.08,44.6041,0
2024-11-09 15:48:00+00:00,3040.46,3041.44,3040.46,3041.44,22.6768,0
2024-11-09 15:49:00+00:00,3041.43,3042.57,3040.94,3042.57,40.253,0
2024-11-09 15:50:00+00:00,3042.56,3043.85,3041.16,3043.85,54.7349,0
2024-11-09 15:51:00+00:00,3043.85,3044.39,3043.21,3043.37,65.5797,0
2024-11-09 15:52:00+00:00,3043.38,3044.58,3043.21,3044.58,30.6731,0
2024-11-09 15:53:00+00:00,3044.58,3045.23,3044.49,3044.49,32.3776,0
2024-11-09 15:54:00+00:00,3044.5,3044.69,3044.5,3044.68,2.9946,0
2024-11-09 15:55:00+00:00,3044.69,3044.69,3042.98,3043.38,31.1654,0
2024-11-09 15:56:00+00:00,3043.23,3043.23,3041.15,3041.15,41.0988,0
2024-11-09 15:57:00+00:00,3041.15,3042.74,3041.15,3041.96,57.5218,0
2024-11-09 15:58:00+00:00,3041.82,3042.75,3041.21,3041.21,24.7447,0
2024-11-09 15:59:00+00:00,3041.22,3041.22,3040.61,3041.09,12.818,0
2024-11-09 16:00:00+00:00,3041.1,3041.34,3041.03,3041.34,22.4634,0
2024-11-09 16:01:00+00:00,3041.39,3041.84,3041.26,3041.78,28.5236,0
2024-11-09 16:02:00+00:00,3041.79,3043.75,3041.79,3043.75,51.6928,0
2024-11-09 16:03:00+00:00,3043.76,3044.11,3042.28,3043.96,43.1164,0
2024-11-09 16:04:00+00:00,3043.96,3044.39,3043.96,3044.38,11.5408,0
2024-11-09 16:05:00+00:00,3044.38,3044.38,3039.05,3039.54,64.5163,0
2024-11-09 16:06:00+00:00,3039.55,3041.35,3039.55,3041.1,15.6479,0
2024-11-09 16:07:00+00:00,3040.61,3040.61,3037.42,3037.42,26.3016,0
2024-11-09 16:08:00+00:00,3037.24,3037.85,3036.85,3037.7,15.0605,0
2024-11-09 16:09:00+00:00,3037.33,3037.33,3035.0,3035.0,22.3235,0
2024-11-09 16:10:00+00:00,3034.94,3037.02,3034.73,3036.17,37.5842,0
2024-11-09 16:11:00+00:00,3035.22,3036.22,3034.85,3034.85,34.0908,0
2024-11-09 16:12:00+00:00,3034.85,3035.08,3033.85,3034.04,20.8092,0
2024-11-09 16:13:00+00:00,3033.99,3035.51,3033.99,3034.23,29.1663,0
2024-11-09 16:14:00+00:00,3034.41,3035.86,3034.41,3035.49,28.0459,0
2024-11-09 16:15:00+00:00,3035.23,3035.42,3033.71,3033.71,11.7401,0
2024-11-09 16:16:00+00:00,3033.71,3033.71,3030.21,3030.21,48.5701,0
2024-11-09 16:17:00+00:00,3030.21,3031.12,3026.95,3027.33,63.816,0
2024-11-09 16:18:00+00:00,3027.34,3027.93,3023.6,3024.42,145.4231,0
2024-11-09 16:19:00+00:00,3024.38,3027.64,3020.58,3026.91,138.1755,0
2024-11-09 16:20:00+00:00,3026.86,3031.38,3025.01,3030.97,127.2001,0
2024-11-09 16:21:00+00:00,3030.89,3031.5,3026.03,3026.03,116.5712,0
2024-11-09 16:22:00+00:00,3026.03,3026.1,3024.89,3024.89,73.6847,0
2024-11-09 16:23:00+00:00,3024.6,3025.29,3023.41,3024.75,113.5898,0
2024-11-09 16:24:00+00:00,3025.04,3026.89,3023.08,3026.88,191.2843,0
2024-11-09 16:25:00+00:00,3026.88,3029.52,3024.53,3028.94,139.9031,0
2024-11-09 16:26:00+00:00,3028.95,3029.65,3027.0,3027.89,94.0702,0
2024-11-09 16:27:00+00:00,3027.88,3027.88,3026.95,3026.99,21.9801,0
2024-11-09 16:28:00+00:00,3027.11,3027.11,3025.22,3025.77,101.9043,0
2024-11-09 16:29:00+00:00,3025.78,3028.66,3025.78,3028.66,70.1474,0
2024-11-09 16:30:00+00:00,3028.66,3028.66,3025.17,3027.06,82.016,0
2024-11-09 16:31:00+00:00,3026.42,3027.89,3026.42,3027.4,27.3565,0
2024-11-09 16:32:00+00:00,3027.29,3029.89,3026.09,3028.36,66.2291,0
2024-11-09 16:33:00+00:00,3028.37,3032.97,3028.37,3032.97,57.3495,0
2024-11-09 16:34:00+00:00,3033.21,3034.86,3032.52,3033.56,53.569,0
2024-11-09 16:35:00+00:00,3033.56,3033.6,3031.55,3031.78,14.5213,0
2024-11-09 16:36:00+00:00,3031.78,3034.93,3031.78,3034.67,62.2342,0
2024-11-09 16:37:00+00:00,3034.28,3034.28,3032.09,3032.78,49.7851,0
2024-11-09 16:38:00+00:00,3032.56,3032.56,3031.22,3031.54,12.2337,0
2024-11-09 16:39:00+00:00,3031.54,3031.54,3030.0,3030.53,59.5221,0
